Product,Brand,Product_Url
Superfood Antioxidant Cleanser,YOUTH TO THE PEOPLE,https://www.sephora.com/product/kale-spinach-green-tea-age-prevention-cleanser-P411387?icid2=products%20grid:p411387
Cleansing & Exfoliating Wipes,SEPHORA COLLECTION,https://www.sephora.com/product/cleansing-exfoliating-wipes-P409800?icid2=products%20grid:p409800
Purity Made Simple Cleanser,PHILOSOPHY,https://www.sephora.com/product/purity-made-simple-P7109?icid2=products%20grid:p7109
Beste™ No. 9 Jelly Cleanser,DRUNK ELEPHANT,https://www.sephora.com/product/beste-no-9-jelly-cleanser-P426836?icid2=products%20grid:p426836
The Rice Polish Foaming Enzyme Powder,TATCHA,https://www.sephora.com/product/polished-rice-enzyme-powder-P426340?icid2=products%20grid:p426340
Rose Deep Hydration Facial Toner,FRESH,https://www.sephora.com/product/rose-deep-hydration-facial-toner-P417936?icid2=products%20grid:p417936
Take The Day Off Cleansing Balm,CLINIQUE,https://www.sephora.com/product/take-the-day-off-cleansing-balm-P126301?icid2=products%20grid:p126301
Bi-Facil Double-Action Eye Makeup Remover,LANCÔME,https://www.sephora.com/product/bi-facil-double-action-eye-makeup-remover-P54477?icid2=products%20grid:p54477
Balancing Force™ Oil Control Toner,OLEHENRIKSEN,https://www.sephora.com/product/balancing-force-oil-control-toner-P416816?icid2=products%20grid:p416816
Beauty Elixir,CAUDALIE,https://www.sephora.com/product/beauty-elixir-P6025?icid2=products%20grid:p6025
Waterproof Eye Makeup Remover,SEPHORA COLLECTION,https://www.sephora.com/product/waterproof-eye-makeup-remover-P276319?skuId=1258284&icid2=products%20grid:p276319
"Take The Day Off Makeup Remover For Lids, Lashes & Lips",CLINIQUE,https://www.sephora.com/product/take-the-day-off-makeup-remover-for-lids-lashes-lips-P122735?icid2=products%20grid:p122735
Facial Cotton,SHISEIDO,https://www.sephora.com/product/facial-cotton-P173726?icid2=products%20grid:p173726
ExfoliKate® Cleanser Daily Foaming Wash,KATE SOMERVILLE,https://www.sephora.com/product/exfolikate-cleanser-daily-foaming-wash-P404322?icid2=products%20grid:p404322
Checks and Balances™ Frothy Face Wash,ORIGINS,https://www.sephora.com/product/checks-balances-frothy-face-wash-P297516?icid2=products%20grid:p297516
Calendula Herbal Extract Alcohol Free Toner,KIEHL'S SINCE 1851,https://www.sephora.com/product/calendula-herbal-extract-alcohol-free-toner-P421997?icid2=products%20grid:p421997
The Clean Truth™ Foaming Cleanser,OLEHENRIKSEN,https://www.sephora.com/product/the-clean-truth-foaming-cleanser-P211343?icid2=products%20grid:p211343
Transforming Walnut Scrub,OLEHENRIKSEN,https://www.sephora.com/product/transforming-walnut-scrub-P42318?icid2=products%20grid:p42318
Greek Yoghurt Foaming Cream Cleanser,KORRES,https://www.sephora.com/product/greek-yoghurt-foaming-cream-cleanser-P392253?icid2=products%20grid:p392253
CoQ-10 Toner,INDIE LEE,https://www.sephora.com/product/coq-10-toner-P432272?icid2=products%20grid:p432272
Brightening Cleanser,INDIE LEE,https://www.sephora.com/product/brightening-cleanser-P432271?icid2=products%20grid:p432271
The True Cream Aqua Bomb,BELIF,https://www.sephora.com/product/the-true-cream-aqua-bomb-P394639?icid2=products%20grid:p394639
The Moisturizing Soft Cream,LA MER,https://www.sephora.com/product/the-moisturizing-soft-cream-P416342?icid2=products%20grid:p416342
The True Cream Moisturizing Bomb,BELIF,https://www.sephora.com/product/the-true-cream-moisturizing-bomb-P394624?icid2=products%20grid:p394624
COMPLEXION RESCUE™ Tinted Moisturizer Broad Spectrum SPF 30,BAREMINERALS,https://www.sephora.com/product/complexion-rescue-tinted-hydrating-gel-cream-P393356?icid2=products%20grid:p393356
Lotus Youth Preserve Moisturizer,FRESH,https://www.sephora.com/product/fresh-lotus-youth-preserve-moisturizer-P454378?icid2=products%20grid:p454378
Ultra Repair® Cream Intense Hydration,FIRST AID BEAUTY,https://www.sephora.com/product/ultra-repair-cream-intense-hydration-P248407?icid2=products%20grid:p248407
Moisture Surge 72-Hour Auto-Replenishing Hydrator,CLINIQUE,https://www.sephora.com/product/moisture-surge-72-hour-auto-replenishing-hydrator-P425416?icid2=products%20grid:p425416
Vitamin Enriched Face Base Priming Moisturizer,BOBBI BROWN,https://www.sephora.com/product/vitamin-enriched-face-base-P270594?icid2=products%20grid:p270594
Rose Deep Hydration Moisturizer,FRESH,https://www.sephora.com/product/rose-deep-hydration-face-cream-P406686?icid2=products%20grid:p406686
Amazonian Clay BB Tinted Moisturizer Broad Spectrum SPF 20 Sunscreen,TARTE,https://www.sephora.com/product/amazonian-clay-bb-tinted-moisturizer-broad-spectrum-spf-20-sunscreen-P67617?icid2=products%20grid:p67617
Ceramidin™ Cream,DR. JART+,https://www.sephora.com/product/ceramidin-tm-cream-P434363?icid2=products%20grid:p434363
Dramatically Different Moisturizing Lotion+,CLINIQUE,https://www.sephora.com/product/dramatically-different-moisturizing-lotion-P381030?icid2=products%20grid:p381030
Squalane + Omega Repair Cream,BIOSSANCE,https://www.sephora.com/product/squalane-omega-repair-cream-P433887?icid2=products%20grid:p433887
Midnight Recovery Concentrate,KIEHL'S SINCE 1851,https://www.sephora.com/product/midnight-recovery-concentrate-P421998?icid2=products%20grid:p421998
BB Tinted Treatment 12-Hour Primer Broad Spectrum SPF 30 Sunscreen,TARTE,https://www.sephora.com/product/bb-tinted-treatment-12-hour-primer-broad-spectrum-spf-30-sunscreen-P377542?icid2=products%20grid:p377542
Premium Beauty Balm SPF 45,DR. JART+,https://www.sephora.com/product/premium-beauty-balm-spf-45-P285403?icid2=products%20grid:p285403
Water Drench Hyaluronic Cloud Cream,PETER THOMAS ROTH,https://www.sephora.com/product/water-drench-hyaluronic-cloud-cream-P415701?icid2=products%20grid:p415701
The Essence Plumping Skin Softener,TATCHA,https://www.sephora.com/product/the-essence-plumping-skin-softener-P415771?icid2=products%20grid:p415771
Dramatically Different Moisturizing Gel,CLINIQUE,https://www.sephora.com/product/dramatically-different-moisturizing-gel-P122900?icid2=products%20grid:p122900
Goodnight Glow Retin-ALT Sleeping Crème,OLEHENRIKSEN,https://www.sephora.com/product/goodnight-glow-retin-alt-sleeping-creme-P434546?icid2=products%20grid:p434546
100 percent Pure Argan Oil,JOSIE MARAN,https://www.sephora.com/product/100-percent-pure-argan-oil-P218700?icid2=products%20grid:p218700
Cold Plasma Sub-D Firming Neck Treatment,PERRICONE MD,https://www.sephora.com/product/cold-plasma-sub-d-anti-aging-neck-treatment-P270714?icid2=products%20grid:p270714
Luminous Dewy Skin Mist,TATCHA,https://www.sephora.com/product/luminous-dewy-skin-mist-P399623?icid2=products%20grid:p399623
Sheer Transformation® Perfecting Moisturizer,OLEHENRIKSEN,https://www.sephora.com/product/sheer-transformation-perfecting-moisturizer-P42342?icid2=products%20grid:p42342
Squalane + Vitamin C Rose Oil,BIOSSANCE,https://www.sephora.com/product/squalane-vitamin-c-rose-oil-P416563?icid2=products%20grid:p416563
GLOWSTARTER™ Mega Illuminating Moisturizer,GLAMGLOW,https://www.sephora.com/product/glowstarter-mega-illuminating-moisturizer-P408739?icid2=products%20grid:p408739
Color Control Cushion Compact Broad Spectrum SPF 50+,AMOREPACIFIC,https://www.sephora.com/product/color-control-cushion-compact-broad-spectrum-spf-50-P378121?icid2=products%20grid:p378121
Superberry Hydrate + Glow Oil,YOUTH TO THE PEOPLE,https://www.sephora.com/product/superberry-hydrate-glow-oil-P430146?icid2=products%20grid:p430146
Water Bank Moisture Cream,LANEIGE,https://www.sephora.com/product/water-bank-moisture-cream-P448186?icid2=products%20grid:p448186
Evercalm™ Overnight Recovery Balm,REN CLEAN SKINCARE,https://www.sephora.com/product/evercalm-overnight-recovery-balm-P436094?icid2=products%20grid:p436094
Black Tea Corset Cream Firming Moisturizer,FRESH,https://www.sephora.com/product/black-tea-firming-corset-cream-P415107?icid2=products%20grid:p415107
Invigorating Night Transformation™ Gel,OLEHENRIKSEN,https://www.sephora.com/product/ole-henriksen-invigorating-night-transformation-gel-P454397?icid2=products%20grid:p454397
Hydro-Dynamic® Ultimate Moisture,MURAD,https://www.sephora.com/product/hydro-dynamic-ultimate-moisture-P268700?icid2=products%20grid:p268700
Pink Cloud Rosewater Moisture Crème,HERBIVORE,https://www.sephora.com/product/pink-cloud-rosewater-moisture-creme-P427626?icid2=products%20grid:p427626
Charlotte's Magic Cream Mini,CHARLOTTE TILBURY,https://www.sephora.com/product/charlotte-s-magic-cream-mini-P435975?icid2=products%20grid:p435975
The Moisturizing Cool Gel Cream,LA MER,https://www.sephora.com/product/the-moisturizing-cool-gel-cream-P429637?icid2=products%20grid:p429637
Ultimate Miracle Worker Multi-Rejuvenating Cream SPF 30,PHILOSOPHY,https://www.sephora.com/product/ultimate-miracle-worker-multi-rejuvenating-cream-spf-30-P398831?icid2=products%20grid:p398831
Vitamin C Glow Moisturizer,FRESH,https://www.sephora.com/product/vitamin-nectar-moisture-glow-face-cream-P420158?icid2=products%20grid:p420158
Photo Finish Primer Water,SMASHBOX,https://www.sephora.com/product/smashbox-photo-finish-primer-water-P392347?icid2=products%20grid:p392347
Nutrient-Charged Water Gel,MURAD,https://www.sephora.com/product/nutrient-charged-water-gel-P427638?icid2=products%20grid:p427638
Skin Perfecting Lotion - Blemish Prone/Oily Skin,MURAD,https://www.sephora.com/product/skin-perfecting-lotion-blemish-prone-oily-skin-P4050?icid2=products%20grid:p4050
Micro Essence Skin Activating Treatment Lotion,ESTÉE LAUDER,https://www.sephora.com/product/micro-essence-skin-activating-treatment-lotion-P387619?icid2=products%20grid:p387619
Wrinkle Warrior™ 2-in-1 Plumping Moisturizer + Serum,KATE SOMERVILLE,https://www.sephora.com/product/wrinkle-warrior-2-in-1-plumping-moisturizer-serum-P415202?icid2=products%20grid:p415202
Dr. Andrew Weil For Origins™ Mega-Bright SPF 30 Skin Tone Correcting Oil-Free Moisturizer,ORIGINS,https://www.sephora.com/product/dr-andrew-weil-for-origins-mega-bright-spf-30-skin-tone-correcting-oil-free-moisturizer-P385253?icid2=products%20grid:p385253
Resveratrol Lift Night Infusion Cream,CAUDALIE,https://www.sephora.com/product/resveratrol-lift-night-infusion-cream-P400609?icid2=products%20grid:p400609
Squalane + Antioxidant Cleansing Oil,BIOSSANCE,https://www.sephora.com/product/squalane-antioxidant-cleansing-oil-P416560?icid2=products%20grid:p416560
Ultra Facial Oil-Free Gel-Cream,KIEHL'S SINCE 1851,https://www.sephora.com/product/ultra-facial-oil-free-gel-cream-P422006?icid2=products%20grid:p422006
Seaberry Moisturizing Face Oil,FRESH,https://www.sephora.com/product/seaberry-moisturizing-face-oil-P374948?icid2=products%20grid:p374948
Rose Floral Toner,FRESH,https://www.sephora.com/product/rose-floral-toner-P39970?icid2=products%20grid:p39970
Cooling Water,MILK MAKEUP,https://www.sephora.com/product/cooling-water-P404795?icid2=products%20grid:p404795
Ferulic + Retinol Anti-Aging Moisturizer,DR. DENNIS GROSS SKINCARE,https://www.sephora.com/product/ferulic-retinol-anti-aging-moisturizer-P384536?icid2=products%20grid:p384536
Coconut Melt,KOPARI,https://www.sephora.com/product/coconut-melt-P413350?icid2=products%20grid:p413350
Hyaluronic Marine Oil-Free Moisture Cushion,DR. DENNIS GROSS SKINCARE,https://www.sephora.com/product/hyaluronic-marine-oil-free-moisture-cushion-P416755?icid2=products%20grid:p416755
Daily Reviving Concentrate,KIEHL'S SINCE 1851,https://www.sephora.com/product/daily-reviving-concentrate-P422003?icid2=products%20grid:p422003
MOISTURE BOUND Refreshing Hydra-Gel Oil-Free,AMOREPACIFIC,https://www.sephora.com/product/moisture-bound-refreshing-hydra-gel-oil-free-P232940?icid2=products%20grid:p232940
Photo Finish Primerizer,SMASHBOX,https://www.sephora.com/product/photo-finish-primerizer-P421232?icid2=products%20grid:p421232
Argan Cleansing Oil,JOSIE MARAN,https://www.sephora.com/product/argan-cleansing-oil-P283501?icid2=products%20grid:p283501
Vintage Single Extract Essence,AMOREPACIFIC,https://www.sephora.com/product/vintage-single-extract-essence-P422238?icid2=products%20grid:p422238
Waterfall Glacier Water Cream,SATURDAY SKIN,https://www.sephora.com/product/waterfall-glacier-water-cream-P432044?icid2=products%20grid:p432044
Colored Clay CC Undereye Corrector,TARTE,https://www.sephora.com/product/colored-clay-cc-undereye-corrector-P387175?icid2=products%20grid:p387175
SUBLIME DEFENSE Ultra Lightweight UV Defense Fluid SPF 50,ALGENIST,https://www.sephora.com/product/sublime-defense-ultra-lightweight-uv-defense-fluid-spf-50-P311143?icid2=products%20grid:p311143
Ultra Facial Cream SPF 30,KIEHL'S SINCE 1851,https://www.sephora.com/product/ultra-facial-cream-spf-30-P422012?icid2=products%20grid:p422012
Aqua Bomb Sleeping Mask,BELIF,https://www.sephora.com/product/aqua-bomb-sleeping-mask-P433443?icid2=products%20grid:p433443
Black Tea Age-Delay Cream,FRESH,https://www.sephora.com/product/black-tea-age-delay-cream-P217512?icid2=products%20grid:p217512
Take The Day Off Cleansing Oil,CLINIQUE,https://www.sephora.com/product/take-the-day-off-cleansing-oil-P384821?icid2=products%20grid:p384821
Oil Free Moisturizer,KATE SOMERVILLE,https://www.sephora.com/product/oil-free-moisturizer-P232906?icid2=products%20grid:p232906
Vitamin Nectar Antioxidant Face Mist,FRESH,https://www.sephora.com/product/vitamin-c-antioxidant-glow-face-mist-P433979?icid2=products%20grid:p433979
Peat Miracle Revital Cream,BELIF,https://www.sephora.com/product/peat-miracle-revital-cream-P412440?icid2=products%20grid:p412440
Vitamin C Ester Photo-Brightening Moisturizer SPF 30,PERRICONE MD,https://www.sephora.com/product/photo-plasma-moisturizer-broad-spectrum-spf-30-P379495?icid2=products%20grid:p379495
Gold Camellia Beauty Oil,TATCHA,https://www.sephora.com/product/gold-camellia-beauty-oil-P403315?icid2=products%20grid:p403315
Vine[activ] Overnight Detox Oil,CAUDALIE,https://www.sephora.com/product/vine-activ-overnight-detox-oil-P417122?icid2=products%20grid:p417122
5 in 1 Face Cream SPF 30,FIRST AID BEAUTY,https://www.sephora.com/product/5-in-1-face-cream-spf-30-P263006?icid2=products%20grid:p263006
Goat Milk Moisturizing Cream,KATE SOMERVILLE,https://www.sephora.com/product/goat-milk-moisturizing-cream-P232910?icid2=products%20grid:p232910
Time Freeze Sleeping Mask,LANEIGE,https://www.sephora.com/product/time-freeze-sleeping-mask-P420653?icid2=products%20grid:p420653
Ultra Facial Moisturizer,KIEHL'S SINCE 1851,https://www.sephora.com/product/ultra-facial-moisturizer-P422005?icid2=products%20grid:p422005
Make-Up Removing Cleansing Oil,CAUDALIE,https://www.sephora.com/product/make-up-removing-cleansing-oil-P401244?icid2=products%20grid:p401244
Plantscription™ SPF 25 Power Anti-Aging Cream,ORIGINS,https://www.sephora.com/product/plantscription-spf-25-power-anti-aging-cream-P409834?icid2=products%20grid:p409834
Hungarian Water Essence,BELIF,https://www.sephora.com/product/hungarian-water-essence-P394633?icid2=products%20grid:p394633
Benefiance NutriPerfect Night Cream,SHISEIDO,https://www.sephora.com/product/benefiance-nutriperfect-night-cream-P202935?icid2=products%20grid:p202935
100 percent Pure Argan Oil Light,JOSIE MARAN,https://www.sephora.com/product/100-pure-argan-oil-light-P380805?icid2=products%20grid:p380805
Find Your Balance™ Oil Control Cleanser,OLEHENRIKSEN,https://www.sephora.com/product/find-your-balance-oil-control-cleanser-P416815?icid2=products%20grid:p416815
Liquid Facial Soap,CLINIQUE,https://www.sephora.com/product/liquid-facial-soap-P139000?icid2=products%20grid:p139000
MakeUp-BreakUp Cool Cleansing Oil,BOSCIA,https://www.sephora.com/product/makeup-breakup-cool-cleansing-oil-P254604?icid2=products%20grid:p254604
Calendula Deep Clean Foaming Face Wash,KIEHL'S SINCE 1851,https://www.sephora.com/product/calendula-deep-clean-foaming-face-wash-P422013?icid2=products%20grid:p422013
Pore-Balance™ Facial Sauna Scrub,OLEHENRIKSEN,https://www.sephora.com/product/pore-balance-tm-facial-sauna-scrub-P418872?icid2=products%20grid:p418872
Facial Treatment Clear Lotion Toner,SK-II,https://www.sephora.com/product/facial-treatment-clear-lotion-P375853?icid2=products%20grid:p375853
Treatment Toner,AMOREPACIFIC,https://www.sephora.com/product/treatment-toner-P232934?icid2=products%20grid:p232934
Purifying Cleansing Gel,BOSCIA,https://www.sephora.com/product/purifying-cleansing-gel-P61204?icid2=products%20grid:p61204
Blueberry Bounce Gentle Cleanser,GLOW RECIPE,https://www.sephora.com/product/blueberry-bounce-gentle-cleanser-P436359?icid2=products%20grid:p436359
The Cleansing Foam,LA MER,https://www.sephora.com/product/the-cleansing-foam-P416344?icid2=products%20grid:p416344
AHA/BHA Exfoliating Cleanser,MURAD,https://www.sephora.com/product/aha-bha-exfoliating-cleanser-P4010?icid2=products%20grid:p4010
Moisturizing Toner,CAUDALIE,https://www.sephora.com/product/moisturizing-toner-P253623?icid2=products%20grid:p253623
Clarifying Lotion 2,CLINIQUE,https://www.sephora.com/product/clarifying-lotion-2-P122882?icid2=products%20grid:p122882
Sens’Eyes - Waterproof Sensitive Eye Cleanser,MAKE UP FOR EVER,https://www.sephora.com/product/sens-eyes-waterproof-sensitive-eye-cleanser-P171101?icid2=products%20grid:p171101
EradiKate® Daily Cleanser Acne Treatment,KATE SOMERVILLE,https://www.sephora.com/product/eradikate-daily-cleanser-acne-treatment-P415667?icid2=products%20grid:p415667
Clarifying Cleanser,MURAD,https://www.sephora.com/product/clarifying-cleanser-P4016?icid2=products%20grid:p4016
Cleanser,EVE LOM,https://www.sephora.com/product/cleanser-P381436?icid2=products%20grid:p381436
Sugar Face Polish Exfoliator,FRESH,https://www.sephora.com/product/sugar-face-polish-P12295?icid2=products%20grid:p12295
Anti-Aging Cleansing Gel,PETER THOMAS ROTH,https://www.sephora.com/product/anti-aging-cleansing-gel-P39274?icid2=products%20grid:p39274
Ultra Facial Cleanser,KIEHL'S SINCE 1851,https://www.sephora.com/product/ultra-facial-cleanser-P422007?icid2=products%20grid:p422007
Soft Touch Cotton Pads,SEPHORA COLLECTION,https://www.sephora.com/product/soft-touch-cotton-pads-P312914?icid2=products%20grid:p312914
Facial Treatment Cleanser,SK-II,https://www.sephora.com/product/facial-treatment-cleanser-P375850?icid2=products%20grid:p375850
Rub-A-Dub Refining Peel Gel,SATURDAY SKIN,https://www.sephora.com/product/rub-a-dub-refining-peel-gel-P423971?icid2=products%20grid:p423971
Exfoliating Scrub,CLINIQUE,https://www.sephora.com/product/exfoliating-scrub-P122718?icid2=products%20grid:p122718
Cleansing Wipes - Watermelon - Hydrating,SEPHORA COLLECTION,https://www.sephora.com/product/cleansing-wipes-watermelon-hydrating-P433300?icid2=products%20grid:p433300
Truth™ On the Glow Cleansing Cloths,OLEHENRIKSEN,https://www.sephora.com/product/truth-on-the-glow-cleansing-cloths-P385342?icid2=products%20grid:p385342
Clean Bee Ultra Gentle Facial Cleanser,FARMACY,https://www.sephora.com/product/clean-bee-ultra-gentle-facial-cleanser-P431187?icid2=products%20grid:p431187
Micellar Cleansing Water,CAUDALIE,https://www.sephora.com/product/micellar-cleansing-water-P381020?icid2=products%20grid:p381020
The Microdelivery Exfoliating Facial Wash,PHILOSOPHY,https://www.sephora.com/product/the-microdelivery-exfoliating-wash-P184109?icid2=products%20grid:p184109
Time Release Acne Cleanser,MURAD,https://www.sephora.com/product/time-release-acne-cleanser-P254720?icid2=products%20grid:p254720
Acne Solutions Cleansing Foam,CLINIQUE,https://www.sephora.com/product/acne-solutions-cleansing-foam-P188309?icid2=products%20grid:p188309
Cleansing Wipes - Rose - Moisturizing,SEPHORA COLLECTION,https://www.sephora.com/product/cleansing-exfoliating-wipes-P410148?icid2=products%20grid:p410148
Ultra Facial Toner,KIEHL'S SINCE 1851,https://www.sephora.com/product/ultra-facial-toner-P422011?icid2=products%20grid:p422011
Treatment Cleansing Foam,AMOREPACIFIC,https://www.sephora.com/product/treatment-cleansing-foam-P232930?icid2=products%20grid:p232930
Detoxifying Black Charcoal Cleanser,BOSCIA,https://www.sephora.com/product/detoxifying-black-cleanser-P302940?icid2=products%20grid:p302940
Exfoliating Peel Gel,BOSCIA,https://www.sephora.com/product/exfoliating-peel-gel-P393292?icid2=products%20grid:p393292
Pure Clean Daily Facial Cleanser,JACK BLACK,https://www.sephora.com/product/pure-clean-daily-facial-cleanser-P171300?icid2=products%20grid:p171300
Acne Solutions Clarifying Lotion,CLINIQUE,https://www.sephora.com/product/acne-solutions-clarifying-lotion-P188307?icid2=products%20grid:p188307
Vinopure Natural Salicylic Acid Pore Minimizing Toner,CAUDALIE,https://www.sephora.com/product/vinopure-natural-salicylic-acid-pore-minimizing-toner-P433625?icid2=products%20grid:p433625
Exfoliating Wipes - Charcoal - Detoxifying,SEPHORA COLLECTION,https://www.sephora.com/product/cleansing-exfoliating-wipes-P410157?icid2=products%20grid:p410157
Ceramic Slip Cleanser,SUNDAY RILEY,https://www.sephora.com/product/ceramic-slip-clay-cleanser-P309310?icid2=products%20grid:p309310
Umbrian Clay Pore Purifying Face Exfoliator,FRESH,https://www.sephora.com/product/umbrian-clay-mattifying-face-exfoliant-P379065?icid2=products%20grid:p379065
Rare Earth Deep Pore Daily Cleanser,KIEHL'S SINCE 1851,https://www.sephora.com/product/rare-earth-deep-pore-daily-cleanser-P422248?icid2=products%20grid:p422248
Baby Pekee Bar™ + Juju Bar Travel Duo,DRUNK ELEPHANT,https://www.sephora.com/product/baby-pekee-bar-tm-juju-bar-tm-travel-duo-P405584?icid2=products%20grid:p405584
Deep Cleansing Exfoliator,CAUDALIE,https://www.sephora.com/product/deep-cleansing-exfoliator-P374574?icid2=products%20grid:p374574
Cleansing Spa Water Cloths,KOH GEN DO,https://www.sephora.com/product/cleansing-spa-water-cloths-P294018?icid2=products%20grid:p294018
Pep-Start 2-in-1 Exfoliating Cleanser,CLINIQUE,https://www.sephora.com/product/pep-start-2-in-1-exfoliating-cleanser-P409101?icid2=products%20grid:p409101
Clarifying Lotion 3,CLINIQUE,https://www.sephora.com/product/clarifying-lotion-3-P122881?icid2=products%20grid:p122881
Cleansing Spa Water Makeup Remover,KOH GEN DO,https://www.sephora.com/product/cleansing-spa-water-P294007?skuId=2042372&icid2=products%20grid:p294007
Blackhead Solutions 7 Day Deep Pore Cleanse & Scrub,CLINIQUE,https://www.sephora.com/product/blackhead-solutions-7-day-deep-pore-cleanse-scrub-P432242?icid2=products%20grid:p432242
Evercalm™ Gentle Cleansing Milk,REN CLEAN SKINCARE,https://www.sephora.com/product/evercalm-gentle-cleansing-milk-P174626?icid2=products%20grid:p174626
Take The Day Off Micellar Cleansing Towelettes for Face & Eyes,CLINIQUE,https://www.sephora.com/product/take-day-off-micellar-cleansing-towelettes-for-face-eyes-P406924?icid2=products%20grid:p406924
Epidermal Re-Texturizing Micro-Dermabrasion,KIEHL'S SINCE 1851,https://www.sephora.com/product/epidermal-re-texturizing-micro-dermabrasion-P431733?icid2=products%20grid:p431733
Toning Lotion with Camomile,CLARINS,https://www.sephora.com/product/toning-lotion-normal-dry-skin-P94801?icid2=products%20grid:p94801
Eudermine Revitalizing Essence,SHISEIDO,https://www.sephora.com/product/eudermine-revitalizing-essence-P173653?icid2=products%20grid:p173653
Rinse-Off Foaming Cleanser,CLINIQUE,https://www.sephora.com/product/rinse-off-foaming-cleanser-P122762?icid2=products%20grid:p122762
White Lucent Brightening Cleansing Foam,SHISEIDO,https://www.sephora.com/product/white-lucent-brightening-cleansing-foam-P173660?icid2=products%20grid:p173660
Essential-C Cleanser,MURAD,https://www.sephora.com/product/essential-c-cleanser-P9941?icid2=products%20grid:p9941
Clarifying Toner,MURAD,https://www.sephora.com/product/clarifying-toner-P4015?icid2=products%20grid:p4015
Deep Dive™ Glycolic Facial Cleanser,JACK BLACK,https://www.sephora.com/product/deep-dive-glycolic-facial-cleanser-P385674?icid2=products%20grid:p385674
Jasmine Green Tea Balancing Toner,HERBIVORE,https://www.sephora.com/product/jasmine-green-tea-balancing-toner-P421600?icid2=products%20grid:p421600
Midnight Recovery Botanical Cleansing Oil,KIEHL'S SINCE 1851,https://www.sephora.com/product/midnight-recovery-botanical-cleansing-oil-P422257?icid2=products%20grid:p422257
Face Buff Energizing Scrub,JACK BLACK,https://www.sephora.com/product/face-buff-energizing-scrub-P12571?icid2=products%20grid:p12571
Purity Made Simple One-Step Facial Cleansing Cloths,PHILOSOPHY,https://www.sephora.com/product/purity-made-simple-one-step-facial-cleansing-cloths-P374947?icid2=products%20grid:p374947
Clear Complexion Cleanser,BOSCIA,https://www.sephora.com/product/clear-complexion-cleanser-P199612?icid2=products%20grid:p199612
Skin Rescue Deep Cleanser With Red Clay,FIRST AID BEAUTY,https://www.sephora.com/product/skin-rescue-deep-cleanser-with-red-clay-P384539?icid2=products%20grid:p384539
8% Glycolic Solutions Toner,PETER THOMAS ROTH,https://www.sephora.com/product/8-glycolic-solutions-toner-P422233?icid2=products%20grid:p422233
3% Glycolic Solutions Cleanser,PETER THOMAS ROTH,https://www.sephora.com/product/3-glycolic-solutions-cleanser-P422232?icid2=products%20grid:p422232
Black Charcoal Blotting Linens,BOSCIA,https://www.sephora.com/product/black-charcoal-blotting-linens-P387006?icid2=products%20grid:p387006
Gentle Foaming Cleanser with Cottonseed,CLARINS,https://www.sephora.com/product/gentle-foaming-cleanser-P228101?icid2=products%20grid:p228101
Rinse-Off Eye Makeup Solvent,CLINIQUE,https://www.sephora.com/product/rinse-off-eye-makeup-solvent-P122763?icid2=products%20grid:p122763
Exfoilating Wipes - Papaya - Glow,SEPHORA COLLECTION,https://www.sephora.com/product/exfoilating-wipes-papaya-glow-P433301?icid2=products%20grid:p433301
SUPERCLEANSE™ Clearing Cream-to-Foam Cleanser,GLAMGLOW,https://www.sephora.com/product/supercleanse-tm-clearing-cream-to-foam-cleanser-P421948?icid2=products%20grid:p421948
The Method: Cleanse,LANCER,https://www.sephora.com/product/the-method-cleanse-P399740?icid2=products%20grid:p399740
7 Day Scrub Cream Rinse-Off Formula,CLINIQUE,https://www.sephora.com/product/7-day-scrub-cream-rinse-off-formula-P122661?icid2=products%20grid:p122661
Benefiance WrinkleResist24 Balancing Softener Enriched,SHISEIDO,https://www.sephora.com/product/benefiance-wrinkleresist24-balancing-softener-enriched-P173612?icid2=products%20grid:p173612
Soy Face Cleansing Milk,FRESH,https://www.sephora.com/product/soy-face-cleansing-milk-P411016?icid2=products%20grid:p411016
Dermaclear™ Micro Water,DR. JART+,https://www.sephora.com/product/dermaclear-micro-water-P444219?icid2=products%20grid:p444219
Crème Radiance Gentle Cleansing Creamy-Foam Cleanser,LANCÔME,https://www.sephora.com/product/creme-radiance-clarifying-cream-to-foam-cleanser-P217932?icid2=products%20grid:p217932
Essential-C Toner,MURAD,https://www.sephora.com/product/essential-c-toner-P9939?icid2=products%20grid:p9939
The Cleansing Gel,LA MER,https://www.sephora.com/product/the-cleansing-gel-P417113?icid2=products%20grid:p417113
Gentle Cleansing Milk,CAUDALIE,https://www.sephora.com/product/gentle-cleansing-milk-P6026?icid2=products%20grid:p6026
Mattifying Blotting Films,SEPHORA COLLECTION,https://www.sephora.com/product/mattifying-blotting-films-P388013?icid2=products%20grid:p388013
Essential Power Skin Toner for Normal to Dry Skin,LANEIGE,https://www.sephora.com/product/essential-power-skin-toner-for-normal-to-dry-skin-P420671?icid2=products%20grid:p420671
Witch Hazel Herbal Extract Toner,BELIF,https://www.sephora.com/product/witch-hazel-herbal-extract-toner-P394632?icid2=products%20grid:p394632
Zero Oil™ Pore Purifying Toner,ORIGINS,https://www.sephora.com/product/zero-oil-pore-purifying-toner-P297544?icid2=products%20grid:p297544
Problem Solution Toner,BELIF,https://www.sephora.com/product/problem-solution-toner-P410817?icid2=products%20grid:p410817
Acne Clearing Wash,PETER THOMAS ROTH,https://www.sephora.com/product/acne-clearing-wash-P410883?icid2=products%20grid:p410883
Blotting Papers,SEPHORA COLLECTION,https://www.sephora.com/product/blotting-papers-P414705?icid2=products%20grid:p414705
Rise + Shine Gentle Cleanser,SATURDAY SKIN,https://www.sephora.com/product/rise-shine-gentle-cleanser-P428249?icid2=products%20grid:p428249
Seaberry Skin Nutrition Cleansing Oil,FRESH,https://www.sephora.com/product/seaberry-skin-nutrition-cleansing-oil-P405935?icid2=products%20grid:p405935
Prep-N-Glow™ Cloths,NUFACE,https://www.sephora.com/product/prep-n-glow-cloths-P414661?icid2=products%20grid:p414661
Naturally Gentle Eye Makeup Remover,CLINIQUE,https://www.sephora.com/product/naturally-gentle-eye-makeup-remover-P122675?icid2=products%20grid:p122675
Bamboo Charcoal Detoxifying Soap Bar,HERBIVORE,https://www.sephora.com/product/bamboo-charcoal-detoxifying-soap-bar-P407444?icid2=products%20grid:p407444
Perfect Cleansing Oil,SHISEIDO,https://www.sephora.com/product/perfect-cleansing-oil-P388545?icid2=products%20grid:p388545
Renewing Cleansing Cream,MURAD,https://www.sephora.com/product/renewing-cleansing-cream-P38217?icid2=products%20grid:p38217
FAB Skin Lab Resurfacing Liquid 10% AHA,FIRST AID BEAUTY,https://www.sephora.com/product/fab-skin-lab-resurfacing-liquid-10-aha-P416826?icid2=products%20grid:p416826
Plantscription™ Anti-Aging Cleanser,ORIGINS,https://www.sephora.com/product/plantscription-tm-anti-aging-cleanser-P377919?icid2=products%20grid:p377919
Rose Cleansing Foam,FRESH,https://www.sephora.com/product/rose-cleansing-foam-P378336?icid2=products%20grid:p378336
Martian Mattifying Melting Water-Gel Toner,SUNDAY RILEY,https://www.sephora.com/product/martian-mattifying-melting-water-gel-toner-P410243?icid2=products%20grid:p410243
Blue Herbal Acne Cleanser Treatment,KIEHL'S SINCE 1851,https://www.sephora.com/product/blue-herbal-acne-cleanser-treatment-P422019?icid2=products%20grid:p422019
Multi-Miracle Glow Cleansing Balm,CHARLOTTE TILBURY,https://www.sephora.com/product/multi-miracle-glow-P433524?icid2=products%20grid:p433524
3 Muslin Cloths,EVE LOM,https://www.sephora.com/product/3-muslin-cloths-P381435?icid2=products%20grid:p381435
Tonique Douceur Softening Hydrating Toner with Rose Water,LANCÔME,https://www.sephora.com/product/tonique-douceur-alcohol-free-freshener-P155706?icid2=products%20grid:p155706
Creamy Cleansing Foam Moist,BELIF,https://www.sephora.com/product/creamy-cleansing-foam-moist-P394627?icid2=products%20grid:p394627
A Perfect World™ Age-Defense Treatment Lotion with White Tea,ORIGINS,https://www.sephora.com/product/a-perfect-world-age-defense-treatment-lotion-with-white-tea-P297529?icid2=products%20grid:p297529
Instant Eye Makeup Remover,CLARINS,https://www.sephora.com/product/instant-eye-makeup-remover-P94902?icid2=products%20grid:p94902
Hydrating Essence Toner,ALGENIST,https://www.sephora.com/product/hydrating-essence-toner-P386910?icid2=products%20grid:p386910
Facial Radiance Polish,FIRST AID BEAUTY,https://www.sephora.com/product/facial-radiance-polish-P378869?icid2=products%20grid:p378869
Exfoliating Wipes - Pineapple - Smoothing,SEPHORA COLLECTION,https://www.sephora.com/product/exfoliating-wipes-pineapple-smoothing-P433303?icid2=products%20grid:p433303
Cucumber Herbal Alcohol-Free Toner,KIEHL'S SINCE 1851,https://www.sephora.com/product/cucumber-herbal-alcohol-free-toner-P422250?icid2=products%20grid:p422250
Turmeric Brightening Polish,VOLITION BEAUTY,https://www.sephora.com/product/turmeric-brightening-polish-P421953?icid2=products%20grid:p421953
Instant Long-Wear Makeup Remover,BOBBI BROWN,https://www.sephora.com/product/instant-long-wear-makeup-remover-P270562?icid2=products%20grid:p270562
Clarifying Lotion 1,CLINIQUE,https://www.sephora.com/product/clarifying-lotion-1-P122651?icid2=products%20grid:p122651
Matcha Toner,MILK MAKEUP,https://www.sephora.com/product/matcha-toner-P419520?icid2=products%20grid:p419520
Essential Power Skin Toner for Combination to Oily Skin,LANEIGE,https://www.sephora.com/product/essential-power-skin-toner-for-combination-to-oily-skin-P420672?icid2=products%20grid:p420672
United State™ Balancing Tonic,ORIGINS,https://www.sephora.com/product/united-state-balancing-tonic-P297533?icid2=products%20grid:p297533
Fresh Pressed Renewing Powder Cleanser with Pure Vitamin C,CLINIQUE,https://www.sephora.com/product/fresh-pressed-renewing-powder-cleanser-P417323?icid2=products%20grid:p417323
Mega-Mushroom Skin Relief Micellar Cleanser,ORIGINS,https://www.sephora.com/product/mega-mushroom-skin-relief-micellar-cleanser-P401570?icid2=products%20grid:p401570
Coconut Rose Toner,KOPARI,https://www.sephora.com/product/coconut-rose-toner-P416144?icid2=products%20grid:p416144
The Cleansing Micellar Water,LA MER,https://www.sephora.com/product/the-cleansing-micellar-water-P417114?icid2=products%20grid:p417114
GENIUS Ultimate Anti-Aging Melting Cleanser,ALGENIST,https://www.sephora.com/product/genius-ultimate-anti-aging-melting-cleanser-P388200?icid2=products%20grid:p388200
Rapid Collagen Infusion,MURAD,https://www.sephora.com/product/rapid-collagen-infusion-P377178?icid2=products%20grid:p377178
Perfectionist CP+R Wrinkle Lifting/Firming Serum,ESTÉE LAUDER,https://www.sephora.com/product/perfectionist-cp-r-wrinkle-lifting-firming-serum-P379995?icid2=products%20grid:p379995
FAB Skin Lab Retinol Serum 0.25% Pure Concentrate,FIRST AID BEAUTY,https://www.sephora.com/product/fab-skin-lab-retinol-serum-0-25-pure-concentrate-P416825?icid2=products%20grid:p416825
GENIUS Ultimate Anti-Aging Vitamin C+ Serum,ALGENIST,https://www.sephora.com/product/genius-ultimate-anti-aging-vitamin-c-serum-P392945?icid2=products%20grid:p392945
R.N.A. POWER Anti-Aging Essence Serum,SK-II,https://www.sephora.com/product/r-n-a-power-radical-new-age-essence-P405951?icid2=products%20grid:p405951
High Potency Classics: Hyaluronic Intensive Moisturizer,PERRICONE MD,https://www.sephora.com/product/hyalo-plasma-hyaluronic-intensive-moisturizer-P388974?icid2=products%20grid:p388974
D-Scar™ Scar Diminishing Serum,KATE SOMERVILLE,https://www.sephora.com/product/d-scar-scar-diminishing-serum-P377368?icid2=products%20grid:p377368
+Retinol Vita C Power Serum,KATE SOMERVILLE,https://www.sephora.com/product/retinol-vita-c-power-serum-P436365?icid2=products%20grid:p436365
Plantscription™ Anti-Aging Power Serum,ORIGINS,https://www.sephora.com/product/plantscription-anti-aging-power-serum-P388801?icid2=products%20grid:p388801
MOISTURE BOUND Rejuvenating Serum,AMOREPACIFIC,https://www.sephora.com/product/moisture-bound-rejuvenating-serum-P282614?icid2=products%20grid:p282614
Advanced Acne & Wrinkle Reducer,MURAD,https://www.sephora.com/product/advanced-acne-wrinkle-reducer-P398067?icid2=products%20grid:p398067
Skin Rescue Acne Clearing Pads with White Clay,FIRST AID BEAUTY,https://www.sephora.com/product/skin-rescue-acne-clearing-pads-with-white-clay-P430140?icid2=products%20grid:p430140
Bio Retinoid Anti-Wrinkle Concentrate Oil,REN CLEAN SKINCARE,https://www.sephora.com/product/bio-retinoid-anti-wrinkle-concentrate-oil-P311126?icid2=products%20grid:p311126
Vitamin C Ester Brightening Serum,PERRICONE MD,https://www.sephora.com/product/vitamin-c-ester-brightening-serum-P378714?icid2=products%20grid:p378714
One Essential Skin Boosting Super Serum,DIOR,https://www.sephora.com/product/one-essential-skin-boosting-super-serum-P423264?icid2=products%20grid:p423264
Idealist Pore Minimizing Skin Refinisher,ESTÉE LAUDER,https://www.sephora.com/product/idealist-pore-minimizing-skin-refinisher-P379998?icid2=products%20grid:p379998
POWER Recharging Night Pressed Serum,ALGENIST,https://www.sephora.com/product/power-recharging-night-pressed-serum-P416552?icid2=products%20grid:p416552
Turbo Booster C Powder,PHILOSOPHY,https://www.sephora.com/product/turbo-booster-c-powder-P204606?icid2=products%20grid:p204606
Truth Serum®,OLEHENRIKSEN,https://www.sephora.com/product/truth-serum-P42343?skuId=1910470&icid2=products%20grid:p42343
Alpha Beta® Extra Strength Daily Peel,DR. DENNIS GROSS SKINCARE,https://www.sephora.com/product/alpha-beta-peel-extra-strength-daily-peel-P269122?icid2=products%20grid:p269122
Good Genes All-In-One Lactic Acid Treatment,SUNDAY RILEY,https://www.sephora.com/product/good-genes-all-in-one-lactic-acid-treatment-P309308?icid2=products%20grid:p309308
Acne Healing Dots,PEACE OUT,https://www.sephora.com/product/acne-healing-dots-P421275?icid2=products%20grid:p421275
B-Hydra™ Intensive Hydration Serum,DRUNK ELEPHANT,https://www.sephora.com/product/b-hydra-intensive-hydration-gel-P406712?icid2=products%20grid:p406712
Advanced Night Repair Synchronized Recovery Complex II,ESTÉE LAUDER,https://www.sephora.com/product/advanced-night-repair-synchronized-recovery-complex-ii-P379994?icid2=products%20grid:p379994
Alpha Beta® Universal Daily Peel,DR. DENNIS GROSS SKINCARE,https://www.sephora.com/product/alpha-beta-universal-daily-peel-P377533?icid2=products%20grid:p377533
The Treatment Lotion,LA MER,https://www.sephora.com/product/the-treatment-lotion-P416345?icid2=products%20grid:p416345
The Concentrate,LA MER,https://www.sephora.com/product/the-concentrate-P417108?icid2=products%20grid:p417108
Clearly Corrective™ Dark Spot Solution,KIEHL'S SINCE 1851,https://www.sephora.com/product/clearly-corrective-dark-spot-solution-P422022?icid2=products%20grid:p422022
D-Bronzi™ Anti-Pollution Sunshine Drops,DRUNK ELEPHANT,https://www.sephora.com/product/d-bronzi-tm-anti-pollution-sunshine-serum-P432668?icid2=products%20grid:p432668
Advanced Génifique Youth Activating Serum,LANCÔME,https://www.sephora.com/product/advanced-genifique-youth-activating-serum-P379510?icid2=products%20grid:p379510
Facial Radiance Pads,FIRST AID BEAUTY,https://www.sephora.com/product/facial-radiance-pads-P278317?icid2=products%20grid:p278317
Double Serum Complete Age Control Concentrate,CLARINS,https://www.sephora.com/product/double-serum-complete-age-control-concentrate-P421235?icid2=products%20grid:p421235
Dr. Andrew Weil For Origins™ Mega-Mushroom Relief & Resilience Soothing Treatment Lotion,ORIGINS,https://www.sephora.com/product/dr-andrew-weil-for-origins-tm-mega-mushroom-relief-resilience-soothing-treatment-lotion-P429244?icid2=products%20grid:p429244
Glow Cycle Retin-ALT Power Serum,OLEHENRIKSEN,https://www.sephora.com/product/glow-cycle-retin-alt-power-serum-P434545?icid2=products%20grid:p434545
Visionnaire Advanced Skin Corrector Serum,LANCÔME,https://www.sephora.com/product/visionnaire-advanced-skin-corrector-serum-P393077?icid2=products%20grid:p393077
Powerful-Strength Line-Reducing Concentrate 12.5% Vitamin C,KIEHL'S SINCE 1851,https://www.sephora.com/product/powerful-strength-line-reducing-concentrate-12-5-vitamin-c-P427529?icid2=products%20grid:p427529
Squalane + Phyto-Retinol Serum,BIOSSANCE,https://www.sephora.com/product/squalane-phyto-retinol-serum-P429028?icid2=products%20grid:p429028
U.F.O. Ultra-Clarifying Face Oil,SUNDAY RILEY,https://www.sephora.com/product/u-f-o-ultra-clarifying-face-oil-P410400?icid2=products%20grid:p410400
Rapid Age Spot and Pigment Lightening Serum,MURAD,https://www.sephora.com/product/rapid-age-spot-pigment-lightening-serum-P4009?icid2=products%20grid:p4009
Vinopure Natural Salicylic Acid Pore Minimizing Serum,CAUDALIE,https://www.sephora.com/product/vinopure-natural-salicylic-acid-pore-minimizing-serum-P433626?icid2=products%20grid:p433626
GENIUS Liquid Collagen,ALGENIST,https://www.sephora.com/product/genius-liquid-collagen-P421277?icid2=products%20grid:p421277
Skintune Blur Perfecting Primer Serum,FARSÁLI,https://www.sephora.com/product/skintune-blur-perfecting-primer-serum-P436269?icid2=products%20grid:p436269
FIRMx™ Peeling Gel,PETER THOMAS ROTH,https://www.sephora.com/product/firmx-peeling-gel-P377561?icid2=products%20grid:p377561
EradiKate™ Acne Treatment,KATE SOMERVILLE,https://www.sephora.com/product/eradikate-acne-treatment-P232903?icid2=products%20grid:p232903
Retinol Youth Renewal Serum,MURAD,https://www.sephora.com/product/retinol-youth-renewal-serum-P411365?icid2=products%20grid:p411365
Backlight Priming Filter Face Primer,BECCA,https://www.sephora.com/product/backlight-priming-filter-P399831?icid2=products%20grid:p399831
Max Complexion Correction Pads,PETER THOMAS ROTH,https://www.sephora.com/product/max-complexion-correction-pads-P114902?icid2=products%20grid:p114902
Pore Treatment Strips,PEACE OUT,https://www.sephora.com/product/peace-out-pores-P428250?icid2=products%20grid:p428250
Advanced Active Radiance® Serum,MURAD,https://www.sephora.com/product/advanced-active-radiance-serum-P234920?icid2=products%20grid:p234920
Rose Gold Elixir – 24k Gold Infused Beauty Oil,FARSÁLI,https://www.sephora.com/product/rose-gold-elixir-P417139?icid2=products%20grid:p417139
Umbrian Clay Pore Purifying Face Mask,FRESH,https://www.sephora.com/product/umbrian-clay-purifying-mask-P54104?icid2=products%20grid:p54104
Juno Antioxidant + Superfood Face Oil,SUNDAY RILEY,https://www.sephora.com/product/juno-hydroactive-cellular-face-oil-P309306?icid2=products%20grid:p309306
Ferulic Acid + Retinol Brightening Solution,DR. DENNIS GROSS SKINCARE,https://www.sephora.com/product/ferulic-acid-retinol-brightening-solution-P375269?icid2=products%20grid:p375269
GenOptics Aura Essence Serum,SK-II,https://www.sephora.com/product/genoptics-aura-essence-P410756?icid2=products%20grid:p410756
Ultra Repair® Hydrating Serum,FIRST AID BEAUTY,https://www.sephora.com/product/ultra-repair-hydrating-serum-P403739?icid2=products%20grid:p403739
Luminous Deep Hydration Firming Serum,TATCHA,https://www.sephora.com/product/luminous-deep-hydration-firming-serum-P399624?icid2=products%20grid:p399624
Superfood Firm and Brighten Vitamin C Serum,YOUTH TO THE PEOPLE,https://www.sephora.com/product/kale-tri-peptide-37-vitamin-c-age-prevention-serum-P411389?icid2=products%20grid:p411389
Rapid Relief Acne Spot Treatment,MURAD,https://www.sephora.com/product/rapid-relief-acne-spot-treatment-P421432?icid2=products%20grid:p421432
Invisiblur™ Perfecting Shield Broad Spectrum SPF 30 PA+++,MURAD,https://www.sephora.com/product/invisiblur-perfecting-shield-broad-spectrum-spf-30-pa-P394397?icid2=products%20grid:p394397
Retinol Fusion PM,PETER THOMAS ROTH,https://www.sephora.com/product/retinol-fusion-pm-P251529?icid2=products%20grid:p251529
Anti Bac Clearing Lotion,KATE SOMERVILLE,https://www.sephora.com/product/anti-bac-clearing-lotion-P232907?icid2=products%20grid:p232907
Pure Argan Milk™ Intensive Hydrating Treatment,JOSIE MARAN,https://www.sephora.com/product/pure-argan-milk-tm-intensive-hydrating-treatment-P384780?icid2=products%20grid:p384780
Therapeutic Sulfur Mask Acne Treatment Mask,PETER THOMAS ROTH,https://www.sephora.com/product/therapeutic-sulfur-masque-acne-treatment-masque-P3617?icid2=products%20grid:p3617
Water Drench Hyaluronic Cloud Serum,PETER THOMAS ROTH,https://www.sephora.com/product/water-drench-hyaluronic-cloud-serum-P222818?icid2=products%20grid:p222818
Hyaluronic Marine Hydration Booster,DR. DENNIS GROSS SKINCARE,https://www.sephora.com/product/clinical-concentrate-hydration-booster-P385773?icid2=products%20grid:p385773
Ever-Matte Poreless Priming Perfector,BECCA,https://www.sephora.com/product/ever-matte-poreless-priming-perfector-P378017?icid2=products%20grid:p378017
Snow Mushroom Water Serum,VOLITION BEAUTY,https://www.sephora.com/product/snow-mushroom-water-serum-P431746?icid2=products%20grid:p431746
Ferulic + Retinol Wrinkle Recovery Peel,DR. DENNIS GROSS SKINCARE,https://www.sephora.com/product/ferulic-retinol-wrinkle-recovery-peel-P404233?icid2=products%20grid:p404233
Bye Bye Breakout™ Full-Coverage Concealer,IT COSMETICS,https://www.sephora.com/product/bye-bye-breakout-full-coverage-treatment-concealer-P427736?icid2=products%20grid:p427736
The Revitalizing Hydrating Serum,LA MER,https://www.sephora.com/product/the-revitalizing-hydrating-serum-P416725?icid2=products%20grid:p416725
Caviar Lime Acid Peel,LANCER,https://www.sephora.com/product/caviar-lime-acid-peel-P421741?icid2=products%20grid:p421741
C+ Collagen Brighten & Firm Vitamin C Serum,DR. DENNIS GROSS SKINCARE,https://www.sephora.com/product/c-collagen-brighten-firm-vitamin-c-serum-P415209?icid2=products%20grid:p415209
Acne Body Wash,MURAD,https://www.sephora.com/product/acne-body-wash-P47517?icid2=products%20grid:p47517
Glycolic Peel,CAUDALIE,https://www.sephora.com/product/glycolic-peel-P395618?icid2=products%20grid:p395618
Rose Deep Hydration Face Serum,FRESH,https://www.sephora.com/product/rose-deep-hydration-face-serum-P407087?icid2=products%20grid:p407087
AHA/BHA Acne Clearing Gel,PETER THOMAS ROTH,https://www.sephora.com/product/aha-bha-acne-clearing-gel-P3550?icid2=products%20grid:p3550
Pure Skin® Clarifying Dietary Supplement,MURAD,https://www.sephora.com/product/pure-skin-clarifying-dietary-supplement-P7365?icid2=products%20grid:p7365
Evercalm™ Anti-Redness Serum,REN CLEAN SKINCARE,https://www.sephora.com/product/evercalm-anti-redness-serum-P399736?icid2=products%20grid:p399736
Fresh Pressed Daily Booster with Pure Vitamin C 10%,CLINIQUE,https://www.sephora.com/product/fresh-pressed-daily-booster-with-pure-vitamin-c-10-P416824?icid2=products%20grid:p416824
Blackhead Solutions Self-heating Blackhead Extractor,CLINIQUE,https://www.sephora.com/product/blackhead-solutions-self-heating-blackhead-extractor-P432243?icid2=products%20grid:p432243
POWER Advanced Wrinkle Fighter 360° Eye Serum,ALGENIST,https://www.sephora.com/product/power-advanced-wrinkle-fighter-360-eye-serum-P404169?icid2=products%20grid:p404169
Black Tea Age-Delay Firming Serum,FRESH,https://www.sephora.com/product/black-tea-age-delay-firming-serum-P403748?icid2=products%20grid:p403748
Resveratrol Lift Firming Serum,CAUDALIE,https://www.sephora.com/product/resveratrol-lift-firming-serum-P400608?icid2=products%20grid:p400608
Outsmart Acne Clarifying Treatment,MURAD,https://www.sephora.com/product/outsmart-acne-clarifying-treatment-P433143?icid2=products%20grid:p433143
Breakout Fighters,KATE SOMERVILLE,https://www.sephora.com/product/breakout-fighters-P436363?icid2=products%20grid:p436363
Protein Booster Skin Serum,JACK BLACK,https://www.sephora.com/product/protein-booster-skin-serum-P236605?icid2=products%20grid:p236605
Saturn Sulfur Acne Treatment Mask,SUNDAY RILEY,https://www.sephora.com/product/saturn-sulfur-acne-treatment-mask-P422626?icid2=products%20grid:p422626
Midnight Secret Late Night Recovery Treatment,GUERLAIN,https://www.sephora.com/product/midnight-secret-late-night-recovery-treatment-P408678?icid2=products%20grid:p408678
Post-Acne Spot Lightening Gel,MURAD,https://www.sephora.com/product/post-acne-spot-lightening-gel-P188907?icid2=products%20grid:p188907
Hydro-Plumping Re-Texturizing Serum Concentrate,KIEHL'S SINCE 1851,https://www.sephora.com/product/hydro-plumping-re-texturizing-serum-concentrate-P422016?icid2=products%20grid:p422016
The Microdelivery Resurfacing Peel,PHILOSOPHY,https://www.sephora.com/product/the-microdelivery-resurfacing-peel-P72504?icid2=products%20grid:p72504
Ferulic + Retinol Wrinkle Recovery Overnight Serum,DR. DENNIS GROSS SKINCARE,https://www.sephora.com/product/ferulic-retinol-wrinkle-recovery-overnight-serum-P404486?icid2=products%20grid:p404486
