Product,Category,Product_Url
Superfood Antioxidant Cleanser,Cleanser,http://127.0.0.1:8000/products/superfood-antioxidant-cleanser/
Cleansing & Exfoliating Wipes,Cleanser,http://127.0.0.1:8000/products/cleansing-exfoliating-wipes/
Purity Made Simple Cleanser,Cleanser,http://127.0.0.1:8000/products/purity-made-simple-cleanser/
Beste™ No. 9 Jelly Cleanser,Cleanser,http://127.0.0.1:8000/products/beste-tm-no-9-jelly-cleanser/
The Rice Polish Foaming Enzyme Powder,Cleanser,http://127.0.0.1:8000/products/the-rice-polish-foaming-enzyme-powder/
Rose Deep Hydration Facial Toner,Cleanser,http://127.0.0.1:8000/products/rose-deep-hydration-facial-toner/
Take The Day Off Cleansing Balm,Cleanser,http://127.0.0.1:8000/products/take-the-day-off-cleansing-balm/
Bi-Facil Double-Action Eye Makeup Remover,Cleanser,http://127.0.0.1:8000/products/bi-facil-double-action-eye-makeup-remover/
Balancing Force™ Oil Control Toner,Cleanser,http://127.0.0.1:8000/products/balancing-force-tm-oil-control-toner/
Beauty Elixir,Moisturizer,http://127.0.0.1:8000/products/beauty-elixir/
Waterproof Eye Makeup Remover,Cleanser,http://127.0.0.1:8000/products/waterproof-eye-makeup-remover/
"Take The Day Off Makeup Remover For Lids, Lashes & Lips",Cleanser,http://127.0.0.1:8000/products/take-the-day-off-makeup-remover-for-lids-lashes-lips/
Facial Cotton,Cleanser,http://127.0.0.1:8000/products/facial-cotton/
ExfoliKate® Cleanser Daily Foaming Wash,Cleanser,http://127.0.0.1:8000/products/exfolikate-r-cleanser-daily-foaming-wash/
Checks and Balances™ Frothy Face Wash,Cleanser,http://127.0.0.1:8000/products/checks-and-balances-tm-frothy-face-wash/
Calendula Herbal Extract Alcohol Free Toner,Cleanser,http://127.0.0.1:8000/products/calendula-herbal-extract-alcohol-free-toner/
The Clean Truth™ Foaming Cleanser,Cleanser,http://127.0.0.1:8000/products/the-clean-truth-tm-foaming-cleanser/
Transforming Walnut Scrub,Cleanser,http://127.0.0.1:8000/products/transforming-walnut-scrub/
Greek Yoghurt Foaming Cream Cleanser,Cleanser,http://127.0.0.1:8000/products/greek-yoghurt-foaming-cream-cleanser/
CoQ-10 Toner,Cleanser,http://127.0.0.1:8000/products/coq-10-toner/
Brightening Cleanser,Cleanser,http://127.0.0.1:8000/products/brightening-cleanser/
The True Cream Aqua Bomb,Moisturizer,http://127.0.0.1:8000/products/the-true-cream-aqua-bomb/
The Moisturizing Soft Cream,Moisturizer,http://127.0.0.1:8000/products/the-moisturizing-soft-cream/
The True Cream Moisturizing Bomb,Moisturizer,http://127.0.0.1:8000/products/the-true-cream-moisturizing-bomb/
COMPLEXION RESCUE™ Tinted Moisturizer Broad Spectrum SPF 30,Moisturizer,http://127.0.0.1:8000/products/complexion-rescue-tm-tinted-moisturizer-broad-spectrum-spf-30/
Lotus Youth Preserve Moisturizer,Moisturizer,http://127.0.0.1:8000/products/lotus-youth-preserve-moisturizer/
Ultra Repair® Cream Intense Hydration,Moisturizer,http://127.0.0.1:8000/products/ultra-repair-r-cream-intense-hydration/
Moisture Surge 72-Hour Auto-Replenishing Hydrator,Moisturizer,http://127.0.0.1:8000/products/moisture-surge-72-hour-auto-replenishing-hydrator/
Vitamin Enriched Face Base Priming Moisturizer,Moisturizer,http://127.0.0.1:8000/products/vitamin-enriched-face-base-priming-moisturizer/
Rose Deep Hydration Moisturizer,Moisturizer,http://127.0.0.1:8000/products/rose-deep-hydration-moisturizer/
Amazonian Clay BB Tinted Moisturizer Broad Spectrum SPF 20 Sunscreen,Moisturizer,http://127.0.0.1:8000/products/amazonian-clay-bb-tinted-moisturizer-broad-spectrum-spf-20-sunscreen/
Ceramidin™ Cream,Moisturizer,http://127.0.0.1:8000/products/ceramidin-tm-cream/
Dramatically Different Moisturizing Lotion+,Moisturizer,http://127.0.0.1:8000/products/dramatically-different-moisturizing-lotion-/
Squalane + Omega Repair Cream,Moisturizer,http://127.0.0.1:8000/products/squalane-omega-repair-cream/
Midnight Recovery Concentrate,Moisturizer,http://127.0.0.1:8000/products/midnight-recovery-concentrate/
BB Tinted Treatment 12-Hour Primer Broad Spectrum SPF 30 Sunscreen,Moisturizer,http://127.0.0.1:8000/products/bb-tinted-treatment-12-hour-primer-broad-spectrum-spf-30-sunscreen/
Premium Beauty Balm SPF 45,Moisturizer,http://127.0.0.1:8000/products/premium-beauty-balm-spf-45/
Water Drench Hyaluronic Cloud Cream,Moisturizer,http://127.0.0.1:8000/products/water-drench-hyaluronic-cloud-cream/
The Essence Plumping Skin Softener,Moisturizer,http://127.0.0.1:8000/products/the-essence-plumping-skin-softener/
Dramatically Different Moisturizing Gel,Moisturizer,http://127.0.0.1:8000/products/dramatically-different-moisturizing-gel/
Goodnight Glow Retin-ALT Sleeping Crème,Moisturizer,http://127.0.0.1:8000/products/goodnight-glow-retin-alt-sleeping-creme/
100 percent Pure Argan Oil,Moisturizer,http://127.0.0.1:8000/products/100-percent-pure-argan-oil/
Cold Plasma Sub-D Firming Neck Treatment,Moisturizer,http://127.0.0.1:8000/products/cold-plasma-sub-d-firming-neck-treatment/
Luminous Dewy Skin Mist,Moisturizer,http://127.0.0.1:8000/products/luminous-dewy-skin-mist/
Sheer Transformation® Perfecting Moisturizer,Moisturizer,http://127.0.0.1:8000/products/sheer-transformation-r-perfecting-moisturizer/
Squalane + Vitamin C Rose Oil,Moisturizer,http://127.0.0.1:8000/products/squalane-vitamin-c-rose-oil/
GLOWSTARTER™ Mega Illuminating Moisturizer,Moisturizer,http://127.0.0.1:8000/products/glowstarter-tm-mega-illuminating-moisturizer/
Color Control Cushion Compact Broad Spectrum SPF 50+,Moisturizer,http://127.0.0.1:8000/products/color-control-cushion-compact-broad-spectrum-spf-50-/
Superberry Hydrate + Glow Oil,Moisturizer,http://127.0.0.1:8000/products/superberry-hydrate-glow-oil/
Water Bank Moisture Cream,Moisturizer,http://127.0.0.1:8000/products/water-bank-moisture-cream/
Evercalm™ Overnight Recovery Balm,Moisturizer,http://127.0.0.1:8000/products/evercalm-tm-overnight-recovery-balm/
Black Tea Corset Cream Firming Moisturizer,Moisturizer,http://127.0.0.1:8000/products/black-tea-corset-cream-firming-moisturizer/
Invigorating Night Transformation™ Gel,Moisturizer,http://127.0.0.1:8000/products/invigorating-night-transformation-tm-gel/
Hydro-Dynamic® Ultimate Moisture,Moisturizer,http://127.0.0.1:8000/products/hydro-dynamic-r-ultimate-moisture/
Pink Cloud Rosewater Moisture Crème,Moisturizer,http://127.0.0.1:8000/products/pink-cloud-rosewater-moisture-creme/
Charlotte's Magic Cream Mini,Moisturizer,http://127.0.0.1:8000/products/charlotte-s-magic-cream-mini/
The Moisturizing Cool Gel Cream,Moisturizer,http://127.0.0.1:8000/products/the-moisturizing-cool-gel-cream/
Ultimate Miracle Worker Multi-Rejuvenating Cream SPF 30,Moisturizer,http://127.0.0.1:8000/products/ultimate-miracle-worker-multi-rejuvenating-cream-spf-30/
Vitamin C Glow Moisturizer,Moisturizer,http://127.0.0.1:8000/products/vitamin-c-glow-moisturizer/
Photo Finish Primer Water,Moisturizer,http://127.0.0.1:8000/products/photo-finish-primer-water/
Nutrient-Charged Water Gel,Moisturizer,http://127.0.0.1:8000/products/nutrient-charged-water-gel/
Skin Perfecting Lotion - Blemish Prone/Oily Skin,Moisturizer,http://127.0.0.1:8000/products/skin-perfecting-lotion-blemish-prone-oily-skin/
Micro Essence Skin Activating Treatment Lotion,Moisturizer,http://127.0.0.1:8000/products/micro-essence-skin-activating-treatment-lotion/
Wrinkle Warrior™ 2-in-1 Plumping Moisturizer + Serum,Moisturizer,http://127.0.0.1:8000/products/wrinkle-warrior-tm-2-in-1-plumping-moisturizer-serum/
Dr. Andrew Weil For Origins™ Mega-Bright SPF 30 Skin Tone Correcting Oil-Free Moisturizer,Moisturizer,http://127.0.0.1:8000/products/dr-andrew-weil-for-origins-tm-mega-bright-spf-30-skin-tone-correcting-oil-free-moisturizer/
Resveratrol Lift Night Infusion Cream,Moisturizer,http://127.0.0.1:8000/products/resveratrol-lift-night-infusion-cream/
Squalane + Antioxidant Cleansing Oil,Moisturizer,http://127.0.0.1:8000/products/squalane-antioxidant-cleansing-oil/
Ultra Facial Oil-Free Gel-Cream,Moisturizer,http://127.0.0.1:8000/products/ultra-facial-oil-free-gel-cream/
Seaberry Moisturizing Face Oil,Moisturizer,http://127.0.0.1:8000/products/seaberry-moisturizing-face-oil/
Rose Floral Toner,Moisturizer,http://127.0.0.1:8000/products/rose-floral-toner/
Cooling Water,Moisturizer,http://127.0.0.1:8000/products/cooling-water/
Ferulic + Retinol Anti-Aging Moisturizer,Moisturizer,http://127.0.0.1:8000/products/ferulic-retinol-anti-aging-moisturizer/
Coconut Melt,Moisturizer,http://127.0.0.1:8000/products/coconut-melt/
Hyaluronic Marine Oil-Free Moisture Cushion,Moisturizer,http://127.0.0.1:8000/products/hyaluronic-marine-oil-free-moisture-cushion/
Daily Reviving Concentrate,Moisturizer,http://127.0.0.1:8000/products/daily-reviving-concentrate/
MOISTURE BOUND Refreshing Hydra-Gel Oil-Free,Moisturizer,http://127.0.0.1:8000/products/moisture-bound-refreshing-hydra-gel-oil-free/
Photo Finish Primerizer,Moisturizer,http://127.0.0.1:8000/products/photo-finish-primerizer/
Argan Cleansing Oil,Moisturizer,http://127.0.0.1:8000/products/argan-cleansing-oil/
Vintage Single Extract Essence,Moisturizer,http://127.0.0.1:8000/products/vintage-single-extract-essence/
Waterfall Glacier Water Cream,Moisturizer,http://127.0.0.1:8000/products/waterfall-glacier-water-cream/
Colored Clay CC Undereye Corrector,Moisturizer,http://127.0.0.1:8000/products/colored-clay-cc-undereye-corrector/
SUBLIME DEFENSE Ultra Lightweight UV Defense Fluid SPF 50,Moisturizer,http://127.0.0.1:8000/products/sublime-defense-ultra-lightweight-uv-defense-fluid-spf-50/
Ultra Facial Cream SPF 30,Moisturizer,http://127.0.0.1:8000/products/ultra-facial-cream-spf-30/
Aqua Bomb Sleeping Mask,Moisturizer,http://127.0.0.1:8000/products/aqua-bomb-sleeping-mask/
Black Tea Age-Delay Cream,Moisturizer,http://127.0.0.1:8000/products/black-tea-age-delay-cream/
Take The Day Off Cleansing Oil,Moisturizer,http://127.0.0.1:8000/products/take-the-day-off-cleansing-oil/
Oil Free Moisturizer,Moisturizer,http://127.0.0.1:8000/products/oil-free-moisturizer/
Vitamin Nectar Antioxidant Face Mist,Moisturizer,http://127.0.0.1:8000/products/vitamin-nectar-antioxidant-face-mist/
Peat Miracle Revital Cream,Moisturizer,http://127.0.0.1:8000/products/peat-miracle-revital-cream/
Vitamin C Ester Photo-Brightening Moisturizer SPF 30,Moisturizer,http://127.0.0.1:8000/products/vitamin-c-ester-photo-brightening-moisturizer-spf-30/
Gold Camellia Beauty Oil,Moisturizer,http://127.0.0.1:8000/products/gold-camellia-beauty-oil/
Vine[activ] Overnight Detox Oil,Moisturizer,http://127.0.0.1:8000/products/vine-activ-overnight-detox-oil/
5 in 1 Face Cream SPF 30,Moisturizer,http://127.0.0.1:8000/products/5-in-1-face-cream-spf-30/
Goat Milk Moisturizing Cream,Moisturizer,http://127.0.0.1:8000/products/goat-milk-moisturizing-cream/
Time Freeze Sleeping Mask,Face Mask,http://127.0.0.1:8000/products/time-freeze-sleeping-mask/
Ultra Facial Moisturizer,Moisturizer,http://127.0.0.1:8000/products/ultra-facial-moisturizer/
Make-Up Removing Cleansing Oil,Cleanser,http://127.0.0.1:8000/products/make-up-removing-cleansing-oil/
Plantscription™ SPF 25 Power Anti-Aging Cream,Moisturizer,http://127.0.0.1:8000/products/plantscription-tm-spf-25-power-anti-aging-cream/
Hungarian Water Essence,Moisturizer,http://127.0.0.1:8000/products/hungarian-water-essence/
Benefiance NutriPerfect Night Cream,Moisturizer,http://127.0.0.1:8000/products/benefiance-nutriperfect-night-cream/
100 percent Pure Argan Oil Light,Moisturizer,http://127.0.0.1:8000/products/100-percent-pure-argan-oil-light/
Find Your Balance™ Oil Control Cleanser,Cleanser,http://127.0.0.1:8000/products/find-your-balance-tm-oil-control-cleanser/
Liquid Facial Soap,Cleanser,http://127.0.0.1:8000/products/liquid-facial-soap/
MakeUp-BreakUp Cool Cleansing Oil,Cleanser,http://127.0.0.1:8000/products/makeup-breakup-cool-cleansing-oil/
Calendula Deep Clean Foaming Face Wash,Cleanser,http://127.0.0.1:8000/products/calendula-deep-clean-foaming-face-wash/
Pore-Balance™ Facial Sauna Scrub,Cleanser,http://127.0.0.1:8000/products/pore-balance-tm-facial-sauna-scrub/
Facial Treatment Clear Lotion Toner,Cleanser,http://127.0.0.1:8000/products/facial-treatment-clear-lotion-toner/
Treatment Toner,Moisturizer,http://127.0.0.1:8000/products/treatment-toner/
Purifying Cleansing Gel,Cleanser,http://127.0.0.1:8000/products/purifying-cleansing-gel/
Blueberry Bounce Gentle Cleanser,Cleanser,http://127.0.0.1:8000/products/blueberry-bounce-gentle-cleanser/
The Cleansing Foam,Cleanser,http://127.0.0.1:8000/products/the-cleansing-foam/
AHA/BHA Exfoliating Cleanser,Cleanser,http://127.0.0.1:8000/products/aha-bha-exfoliating-cleanser/
Moisturizing Toner,Cleanser,http://127.0.0.1:8000/products/moisturizing-toner/
Clarifying Lotion 2,Cleanser,http://127.0.0.1:8000/products/clarifying-lotion-2/
Sens’Eyes - Waterproof Sensitive Eye Cleanser,Cleanser,http://127.0.0.1:8000/products/sens-eyes-waterproof-sensitive-eye-cleanser/
EradiKate® Daily Cleanser Acne Treatment,Cleanser,http://127.0.0.1:8000/products/eradikate-r-daily-cleanser-acne-treatment/
Clarifying Cleanser,Cleanser,http://127.0.0.1:8000/products/clarifying-cleanser/
Cleanser,Cleanser,http://127.0.0.1:8000/products/cleanser/
Sugar Face Polish Exfoliator,Cleanser,http://127.0.0.1:8000/products/sugar-face-polish-exfoliator/
Anti-Aging Cleansing Gel,Cleanser,http://127.0.0.1:8000/products/anti-aging-cleansing-gel/
Ultra Facial Cleanser,Cleanser,http://127.0.0.1:8000/products/ultra-facial-cleanser/
Soft Touch Cotton Pads,Cleanser,http://127.0.0.1:8000/products/soft-touch-cotton-pads/
Facial Treatment Cleanser,Cleanser,http://127.0.0.1:8000/products/facial-treatment-cleanser/
Rub-A-Dub Refining Peel Gel,Cleanser,http://127.0.0.1:8000/products/rub-a-dub-refining-peel-gel/
Exfoliating Scrub,Cleanser,http://127.0.0.1:8000/products/exfoliating-scrub/
Cleansing Wipes - Watermelon - Hydrating,Cleanser,http://127.0.0.1:8000/products/cleansing-wipes-watermelon-hydrating/
Truth™ On the Glow Cleansing Cloths,Cleanser,http://127.0.0.1:8000/products/truth-tm-on-the-glow-cleansing-cloths/
Clean Bee Ultra Gentle Facial Cleanser,Cleanser,http://127.0.0.1:8000/products/clean-bee-ultra-gentle-facial-cleanser/
Micellar Cleansing Water,Cleanser,http://127.0.0.1:8000/products/micellar-cleansing-water/
The Microdelivery Exfoliating Facial Wash,Cleanser,http://127.0.0.1:8000/products/the-microdelivery-exfoliating-facial-wash/
Time Release Acne Cleanser,Cleanser,http://127.0.0.1:8000/products/time-release-acne-cleanser/
Acne Solutions Cleansing Foam,Cleanser,http://127.0.0.1:8000/products/acne-solutions-cleansing-foam/
Cleansing Wipes - Rose - Moisturizing,Cleanser,http://127.0.0.1:8000/products/cleansing-wipes-rose-moisturizing/
Ultra Facial Toner,Cleanser,http://127.0.0.1:8000/products/ultra-facial-toner/
Treatment Cleansing Foam,Cleanser,http://127.0.0.1:8000/products/treatment-cleansing-foam/
Detoxifying Black Charcoal Cleanser,Cleanser,http://127.0.0.1:8000/products/detoxifying-black-charcoal-cleanser/
Exfoliating Peel Gel,Cleanser,http://127.0.0.1:8000/products/exfoliating-peel-gel/
Pure Clean Daily Facial Cleanser,Cleanser,http://127.0.0.1:8000/products/pure-clean-daily-facial-cleanser/
Acne Solutions Clarifying Lotion,Cleanser,http://127.0.0.1:8000/products/acne-solutions-clarifying-lotion/
Vinopure Natural Salicylic Acid Pore Minimizing Toner,Cleanser,http://127.0.0.1:8000/products/vinopure-natural-salicylic-acid-pore-minimizing-toner/
Exfoliating Wipes - Charcoal - Detoxifying,Cleanser,http://127.0.0.1:8000/products/exfoliating-wipes-charcoal-detoxifying/
Ceramic Slip Cleanser,Cleanser,http://127.0.0.1:8000/products/ceramic-slip-cleanser/
Umbrian Clay Pore Purifying Face Exfoliator,Cleanser,http://127.0.0.1:8000/products/umbrian-clay-pore-purifying-face-exfoliator/
Rare Earth Deep Pore Daily Cleanser,Cleanser,http://127.0.0.1:8000/products/rare-earth-deep-pore-daily-cleanser/
Baby Pekee Bar™ + Juju Bar Travel Duo,Cleanser,http://127.0.0.1:8000/products/baby-pekee-bar-tm-juju-bar-travel-duo/
Deep Cleansing Exfoliator,Cleanser,http://127.0.0.1:8000/products/deep-cleansing-exfoliator/
Cleansing Spa Water Cloths,Cleanser,http://127.0.0.1:8000/products/cleansing-spa-water-cloths/
Pep-Start 2-in-1 Exfoliating Cleanser,Cleanser,http://127.0.0.1:8000/products/pep-start-2-in-1-exfoliating-cleanser/
Clarifying Lotion 3,Cleanser,http://127.0.0.1:8000/products/clarifying-lotion-3/
Cleansing Spa Water Makeup Remover,Cleanser,http://127.0.0.1:8000/products/cleansing-spa-water-makeup-remover/
Blackhead Solutions 7 Day Deep Pore Cleanse & Scrub,Cleanser,http://127.0.0.1:8000/products/blackhead-solutions-7-day-deep-pore-cleanse-scrub/
Evercalm™ Gentle Cleansing Milk,Cleanser,http://127.0.0.1:8000/products/evercalm-tm-gentle-cleansing-milk/
Take The Day Off Micellar Cleansing Towelettes for Face & Eyes,Cleanser,http://127.0.0.1:8000/products/take-the-day-off-micellar-cleansing-towelettes-for-face-eyes/
Epidermal Re-Texturizing Micro-Dermabrasion,Cleanser,http://127.0.0.1:8000/products/epidermal-re-texturizing-micro-dermabrasion/
Toning Lotion with Camomile,Cleanser,http://127.0.0.1:8000/products/toning-lotion-with-camomile/
Eudermine Revitalizing Essence,Moisturizer,http://127.0.0.1:8000/products/eudermine-revitalizing-essence/
Rinse-Off Foaming Cleanser,Cleanser,http://127.0.0.1:8000/products/rinse-off-foaming-cleanser/
White Lucent Brightening Cleansing Foam,Cleanser,http://127.0.0.1:8000/products/white-lucent-brightening-cleansing-foam/
Essential-C Cleanser,Cleanser,http://127.0.0.1:8000/products/essential-c-cleanser/
Clarifying Toner,Cleanser,http://127.0.0.1:8000/products/clarifying-toner/
Deep Dive™ Glycolic Facial Cleanser,Cleanser,http://127.0.0.1:8000/products/deep-dive-tm-glycolic-facial-cleanser/
Jasmine Green Tea Balancing Toner,Moisturizer,http://127.0.0.1:8000/products/jasmine-green-tea-balancing-toner/
Midnight Recovery Botanical Cleansing Oil,Cleanser,http://127.0.0.1:8000/products/midnight-recovery-botanical-cleansing-oil/
Face Buff Energizing Scrub,Cleanser,http://127.0.0.1:8000/products/face-buff-energizing-scrub/
Purity Made Simple One-Step Facial Cleansing Cloths,Cleanser,http://127.0.0.1:8000/products/purity-made-simple-one-step-facial-cleansing-cloths/
Clear Complexion Cleanser,Cleanser,http://127.0.0.1:8000/products/clear-complexion-cleanser/
Skin Rescue Deep Cleanser With Red Clay,Cleanser,http://127.0.0.1:8000/products/skin-rescue-deep-cleanser-with-red-clay/
8% Glycolic Solutions Toner,Cleanser,http://127.0.0.1:8000/products/8-glycolic-solutions-toner/
3% Glycolic Solutions Cleanser,Cleanser,http://127.0.0.1:8000/products/3-glycolic-solutions-cleanser/
Black Charcoal Blotting Linens,Cleanser,http://127.0.0.1:8000/products/black-charcoal-blotting-linens/
Gentle Foaming Cleanser with Cottonseed,Cleanser,http://127.0.0.1:8000/products/gentle-foaming-cleanser-with-cottonseed/
Rinse-Off Eye Makeup Solvent,Cleanser,http://127.0.0.1:8000/products/rinse-off-eye-makeup-solvent/
Exfoilating Wipes - Papaya - Glow,Cleanser,http://127.0.0.1:8000/products/exfoilating-wipes-papaya-glow/
SUPERCLEANSE™ Clearing Cream-to-Foam Cleanser,Cleanser,http://127.0.0.1:8000/products/supercleanse-tm-clearing-cream-to-foam-cleanser/
The Method: Cleanse,Cleanser,http://127.0.0.1:8000/products/the-method-cleanse/
7 Day Scrub Cream Rinse-Off Formula,Cleanser,http://127.0.0.1:8000/products/7-day-scrub-cream-rinse-off-formula/
Benefiance WrinkleResist24 Balancing Softener Enriched,Moisturizer,http://127.0.0.1:8000/products/benefiance-wrinkleresist24-balancing-softener-enriched/
Soy Face Cleansing Milk,Cleanser,http://127.0.0.1:8000/products/soy-face-cleansing-milk/
Dermaclear™ Micro Water,Cleanser,http://127.0.0.1:8000/products/dermaclear-tm-micro-water/
Crème Radiance Gentle Cleansing Creamy-Foam Cleanser,Cleanser,http://127.0.0.1:8000/products/creme-radiance-gentle-cleansing-creamy-foam-cleanser/
Essential-C Toner,Cleanser,http://127.0.0.1:8000/products/essential-c-toner/
The Cleansing Gel,Cleanser,http://127.0.0.1:8000/products/the-cleansing-gel/
Gentle Cleansing Milk,Cleanser,http://127.0.0.1:8000/products/gentle-cleansing-milk/
Mattifying Blotting Films,Cleanser,http://127.0.0.1:8000/products/mattifying-blotting-films/
Essential Power Skin Toner for Normal to Dry Skin,Cleanser,http://127.0.0.1:8000/products/essential-power-skin-toner-for-normal-to-dry-skin/
Witch Hazel Herbal Extract Toner,Cleanser,http://127.0.0.1:8000/products/witch-hazel-herbal-extract-toner/
Zero Oil™ Pore Purifying Toner,Cleanser,http://127.0.0.1:8000/products/zero-oil-tm-pore-purifying-toner/
Problem Solution Toner,Cleanser,http://127.0.0.1:8000/products/problem-solution-toner/
Acne Clearing Wash,Cleanser,http://127.0.0.1:8000/products/acne-clearing-wash/
Blotting Papers,Cleanser,http://127.0.0.1:8000/products/blotting-papers/
Rise + Shine Gentle Cleanser,Cleanser,http://127.0.0.1:8000/products/rise-shine-gentle-cleanser/
Seaberry Skin Nutrition Cleansing Oil,Cleanser,http://127.0.0.1:8000/products/seaberry-skin-nutrition-cleansing-oil/
Prep-N-Glow™ Cloths,Cleanser,http://127.0.0.1:8000/products/prep-n-glow-tm-cloths/
Naturally Gentle Eye Makeup Remover,Cleanser,http://127.0.0.1:8000/products/naturally-gentle-eye-makeup-remover/
Bamboo Charcoal Detoxifying Soap Bar,Cleanser,http://127.0.0.1:8000/products/bamboo-charcoal-detoxifying-soap-bar/
Perfect Cleansing Oil,Cleanser,http://127.0.0.1:8000/products/perfect-cleansing-oil/
Renewing Cleansing Cream,Cleanser,http://127.0.0.1:8000/products/renewing-cleansing-cream/
FAB Skin Lab Resurfacing Liquid 10% AHA,Cleanser,http://127.0.0.1:8000/products/fab-skin-lab-resurfacing-liquid-10-aha/
Plantscription™ Anti-Aging Cleanser,Cleanser,http://127.0.0.1:8000/products/plantscription-tm-anti-aging-cleanser/
Rose Cleansing Foam,Cleanser,http://127.0.0.1:8000/products/rose-cleansing-foam/
Martian Mattifying Melting Water-Gel Toner,Cleanser,http://127.0.0.1:8000/products/martian-mattifying-melting-water-gel-toner/
Blue Herbal Acne Cleanser Treatment,Cleanser,http://127.0.0.1:8000/products/blue-herbal-acne-cleanser-treatment/
Multi-Miracle Glow Cleansing Balm,Cleanser,http://127.0.0.1:8000/products/multi-miracle-glow-cleansing-balm/
3 Muslin Cloths,Cleanser,http://127.0.0.1:8000/products/3-muslin-cloths/
Tonique Douceur Softening Hydrating Toner with Rose Water,Cleanser,http://127.0.0.1:8000/products/tonique-douceur-softening-hydrating-toner-with-rose-water/
Creamy Cleansing Foam Moist,Cleanser,http://127.0.0.1:8000/products/creamy-cleansing-foam-moist/
A Perfect World™ Age-Defense Treatment Lotion with White Tea,Cleanser,http://127.0.0.1:8000/products/a-perfect-world-tm-age-defense-treatment-lotion-with-white-tea/
Instant Eye Makeup Remover,Cleanser,http://127.0.0.1:8000/products/instant-eye-makeup-remover/
Hydrating Essence Toner,Cleanser,http://127.0.0.1:8000/products/hydrating-essence-toner/
Facial Radiance Polish,Cleanser,http://127.0.0.1:8000/products/facial-radiance-polish/
Exfoliating Wipes - Pineapple - Smoothing,Cleanser,http://127.0.0.1:8000/products/exfoliating-wipes-pineapple-smoothing/
Cucumber Herbal Alcohol-Free Toner,Cleanser,http://127.0.0.1:8000/products/cucumber-herbal-alcohol-free-toner/
Turmeric Brightening Polish,Cleanser,http://127.0.0.1:8000/products/turmeric-brightening-polish/
Instant Long-Wear Makeup Remover,Cleanser,http://127.0.0.1:8000/products/instant-long-wear-makeup-remover/
Clarifying Lotion 1,Cleanser,http://127.0.0.1:8000/products/clarifying-lotion-1/
Matcha Toner,Cleanser,http://127.0.0.1:8000/products/matcha-toner/
Essential Power Skin Toner for Combination to Oily Skin,Cleanser,http://127.0.0.1:8000/products/essential-power-skin-toner-for-combination-to-oily-skin/
United State™ Balancing Tonic,Cleanser,http://127.0.0.1:8000/products/united-state-tm-balancing-tonic/
Fresh Pressed Renewing Powder Cleanser with Pure Vitamin C,Cleanser,http://127.0.0.1:8000/products/fresh-pressed-renewing-powder-cleanser-with-pure-vitamin-c/
Mega-Mushroom Skin Relief Micellar Cleanser,Cleanser,http://127.0.0.1:8000/products/mega-mushroom-skin-relief-micellar-cleanser/
Coconut Rose Toner,Cleanser,http://127.0.0.1:8000/products/coconut-rose-toner/
The Cleansing Micellar Water,Cleanser,http://127.0.0.1:8000/products/the-cleansing-micellar-water/
GENIUS Ultimate Anti-Aging Melting Cleanser,Cleanser,http://127.0.0.1:8000/products/genius-ultimate-anti-aging-melting-cleanser/
Rapid Collagen Infusion,Treatment,http://127.0.0.1:8000/products/rapid-collagen-infusion/
Perfectionist CP+R Wrinkle Lifting/Firming Serum,Treatment,http://127.0.0.1:8000/products/perfectionist-cp-r-wrinkle-lifting-firming-serum/
FAB Skin Lab Retinol Serum 0.25% Pure Concentrate,Treatment,http://127.0.0.1:8000/products/fab-skin-lab-retinol-serum-0-25-pure-concentrate/
GENIUS Ultimate Anti-Aging Vitamin C+ Serum,Treatment,http://127.0.0.1:8000/products/genius-ultimate-anti-aging-vitamin-c-serum/
R.N.A. POWER Anti-Aging Essence Serum,Treatment,http://127.0.0.1:8000/products/r-n-a-power-anti-aging-essence-serum/
High Potency Classics: Hyaluronic Intensive Moisturizer,Treatment,http://127.0.0.1:8000/products/high-potency-classics-hyaluronic-intensive-moisturizer/
D-Scar™ Scar Diminishing Serum,Treatment,http://127.0.0.1:8000/products/d-scar-tm-scar-diminishing-serum/
+Retinol Vita C Power Serum,Treatment,http://127.0.0.1:8000/products/-retinol-vita-c-power-serum/
Plantscription™ Anti-Aging Power Serum,Treatment,http://127.0.0.1:8000/products/plantscription-tm-anti-aging-power-serum/
MOISTURE BOUND Rejuvenating Serum,Treatment,http://127.0.0.1:8000/products/moisture-bound-rejuvenating-serum/
Advanced Acne & Wrinkle Reducer,Treatment,http://127.0.0.1:8000/products/advanced-acne-wrinkle-reducer/
Skin Rescue Acne Clearing Pads with White Clay,Treatment,http://127.0.0.1:8000/products/skin-rescue-acne-clearing-pads-with-white-clay/
Bio Retinoid Anti-Wrinkle Concentrate Oil,Treatment,http://127.0.0.1:8000/products/bio-retinoid-anti-wrinkle-concentrate-oil/
Vitamin C Ester Brightening Serum,Treatment,http://127.0.0.1:8000/products/vitamin-c-ester-brightening-serum/
One Essential Skin Boosting Super Serum,Treatment,http://127.0.0.1:8000/products/one-essential-skin-boosting-super-serum/
Idealist Pore Minimizing Skin Refinisher,Treatment,http://127.0.0.1:8000/products/idealist-pore-minimizing-skin-refinisher/
POWER Recharging Night Pressed Serum,Moisturizer,http://127.0.0.1:8000/products/power-recharging-night-pressed-serum/
Turbo Booster C Powder,Treatment,http://127.0.0.1:8000/products/turbo-booster-c-powder/
Truth Serum®,Treatment,http://127.0.0.1:8000/products/truth-serum-r-/
Alpha Beta® Extra Strength Daily Peel,Treatment,http://127.0.0.1:8000/products/alpha-beta-r-extra-strength-daily-peel/
Good Genes All-In-One Lactic Acid Treatment,Treatment,http://127.0.0.1:8000/products/good-genes-all-in-one-lactic-acid-treatment/
Acne Healing Dots,Treatment,http://127.0.0.1:8000/products/acne-healing-dots/
B-Hydra™ Intensive Hydration Serum,Treatment,http://127.0.0.1:8000/products/b-hydra-tm-intensive-hydration-serum/
Advanced Night Repair Synchronized Recovery Complex II,Treatment,http://127.0.0.1:8000/products/advanced-night-repair-synchronized-recovery-complex-ii/
Alpha Beta® Universal Daily Peel,Treatment,http://127.0.0.1:8000/products/alpha-beta-r-universal-daily-peel/
The Treatment Lotion,Treatment,http://127.0.0.1:8000/products/the-treatment-lotion/
The Concentrate,Treatment,http://127.0.0.1:8000/products/the-concentrate/
Clearly Corrective™ Dark Spot Solution,Treatment,http://127.0.0.1:8000/products/clearly-corrective-tm-dark-spot-solution/
D-Bronzi™ Anti-Pollution Sunshine Drops,Treatment,http://127.0.0.1:8000/products/d-bronzi-tm-anti-pollution-sunshine-drops/
Advanced Génifique Youth Activating Serum,Treatment,http://127.0.0.1:8000/products/advanced-genifique-youth-activating-serum/
Facial Radiance Pads,Treatment,http://127.0.0.1:8000/products/facial-radiance-pads/
Double Serum Complete Age Control Concentrate,Treatment,http://127.0.0.1:8000/products/double-serum-complete-age-control-concentrate/
Dr. Andrew Weil For Origins™ Mega-Mushroom Relief & Resilience Soothing Treatment Lotion,Moisturizer,http://127.0.0.1:8000/products/dr-andrew-weil-for-origins-tm-mega-mushroom-relief-resilience-soothing-treatment-lotion/
Glow Cycle Retin-ALT Power Serum,Treatment,http://127.0.0.1:8000/products/glow-cycle-retin-alt-power-serum/
Visionnaire Advanced Skin Corrector Serum,Treatment,http://127.0.0.1:8000/products/visionnaire-advanced-skin-corrector-serum/
Powerful-Strength Line-Reducing Concentrate 12.5% Vitamin C,Treatment,http://127.0.0.1:8000/products/powerful-strength-line-reducing-concentrate-12-5-vitamin-c/
Squalane + Phyto-Retinol Serum,Treatment,http://127.0.0.1:8000/products/squalane-phyto-retinol-serum/
U.F.O. Ultra-Clarifying Face Oil,Moisturizer,http://127.0.0.1:8000/products/u-f-o-ultra-clarifying-face-oil/
Rapid Age Spot and Pigment Lightening Serum,Treatment,http://127.0.0.1:8000/products/rapid-age-spot-and-pigment-lightening-serum/
Vinopure Natural Salicylic Acid Pore Minimizing Serum,Treatment,http://127.0.0.1:8000/products/vinopure-natural-salicylic-acid-pore-minimizing-serum/
GENIUS Liquid Collagen,Treatment,http://127.0.0.1:8000/products/genius-liquid-collagen/
Skintune Blur Perfecting Primer Serum,Treatment,http://127.0.0.1:8000/products/skintune-blur-perfecting-primer-serum/
FIRMx™ Peeling Gel,Treatment,http://127.0.0.1:8000/products/firmx-tm-peeling-gel/
EradiKate™ Acne Treatment,Treatment,http://127.0.0.1:8000/products/eradikate-tm-acne-treatment/
Retinol Youth Renewal Serum,Treatment,http://127.0.0.1:8000/products/retinol-youth-renewal-serum/
Backlight Priming Filter Face Primer,Treatment,http://127.0.0.1:8000/products/backlight-priming-filter-face-primer/
Max Complexion Correction Pads,Treatment,http://127.0.0.1:8000/products/max-complexion-correction-pads/
Pore Treatment Strips,Treatment,http://127.0.0.1:8000/products/pore-treatment-strips/
Advanced Active Radiance® Serum,Treatment,http://127.0.0.1:8000/products/advanced-active-radiance-r-serum/
Rose Gold Elixir – 24k Gold Infused Beauty Oil,Moisturizer,http://127.0.0.1:8000/products/rose-gold-elixir-24k-gold-infused-beauty-oil/
Umbrian Clay Pore Purifying Face Mask,Treatment,http://127.0.0.1:8000/products/umbrian-clay-pore-purifying-face-mask/
Juno Antioxidant + Superfood Face Oil,Moisturizer,http://127.0.0.1:8000/products/juno-antioxidant-superfood-face-oil/
Ferulic Acid + Retinol Brightening Solution,Treatment,http://127.0.0.1:8000/products/ferulic-acid-retinol-brightening-solution/
GenOptics Aura Essence Serum,Moisturizer,http://127.0.0.1:8000/products/genoptics-aura-essence-serum/
Ultra Repair® Hydrating Serum,Moisturizer,http://127.0.0.1:8000/products/ultra-repair-r-hydrating-serum/
Luminous Deep Hydration Firming Serum,Treatment,http://127.0.0.1:8000/products/luminous-deep-hydration-firming-serum/
Superfood Firm and Brighten Vitamin C Serum,Treatment,http://127.0.0.1:8000/products/superfood-firm-and-brighten-vitamin-c-serum/
Rapid Relief Acne Spot Treatment,Treatment,http://127.0.0.1:8000/products/rapid-relief-acne-spot-treatment/
Invisiblur™ Perfecting Shield Broad Spectrum SPF 30 PA+++,Treatment,http://127.0.0.1:8000/products/invisiblur-tm-perfecting-shield-broad-spectrum-spf-30-pa-/
Retinol Fusion PM,Treatment,http://127.0.0.1:8000/products/retinol-fusion-pm/
Anti Bac Clearing Lotion,Treatment,http://127.0.0.1:8000/products/anti-bac-clearing-lotion/
Pure Argan Milk™ Intensive Hydrating Treatment,Treatment,http://127.0.0.1:8000/products/pure-argan-milk-tm-intensive-hydrating-treatment/
Therapeutic Sulfur Mask Acne Treatment Mask,Treatment,http://127.0.0.1:8000/products/therapeutic-sulfur-mask-acne-treatment-mask/
Water Drench Hyaluronic Cloud Serum,Treatment,http://127.0.0.1:8000/products/water-drench-hyaluronic-cloud-serum/
Hyaluronic Marine Hydration Booster,Treatment,http://127.0.0.1:8000/products/hyaluronic-marine-hydration-booster/
Ever-Matte Poreless Priming Perfector,Treatment,http://127.0.0.1:8000/products/ever-matte-poreless-priming-perfector/
Snow Mushroom Water Serum,Treatment,http://127.0.0.1:8000/products/snow-mushroom-water-serum/
Ferulic + Retinol Wrinkle Recovery Peel,Treatment,http://127.0.0.1:8000/products/ferulic-retinol-wrinkle-recovery-peel/
Bye Bye Breakout™ Full-Coverage Concealer,Treatment,http://127.0.0.1:8000/products/bye-bye-breakout-tm-full-coverage-concealer/
The Revitalizing Hydrating Serum,Treatment,http://127.0.0.1:8000/products/the-revitalizing-hydrating-serum/
Caviar Lime Acid Peel,Treatment,http://127.0.0.1:8000/products/caviar-lime-acid-peel/
C+ Collagen Brighten & Firm Vitamin C Serum,Treatment,http://127.0.0.1:8000/products/c-collagen-brighten-firm-vitamin-c-serum/
Acne Body Wash,Treatment,http://127.0.0.1:8000/products/acne-body-wash/
Glycolic Peel,Treatment,http://127.0.0.1:8000/products/glycolic-peel/
Rose Deep Hydration Face Serum,Treatment,http://127.0.0.1:8000/products/rose-deep-hydration-face-serum/
AHA/BHA Acne Clearing Gel,Treatment,http://127.0.0.1:8000/products/aha-bha-acne-clearing-gel/
Pure Skin® Clarifying Dietary Supplement,Treatment,http://127.0.0.1:8000/products/pure-skin-r-clarifying-dietary-supplement/
Evercalm™ Anti-Redness Serum,Treatment,http://127.0.0.1:8000/products/evercalm-tm-anti-redness-serum/
Fresh Pressed Daily Booster with Pure Vitamin C 10%,Treatment,http://127.0.0.1:8000/products/fresh-pressed-daily-booster-with-pure-vitamin-c-10-/
Blackhead Solutions Self-heating Blackhead Extractor,Cleanser,http://127.0.0.1:8000/products/blackhead-solutions-self-heating-blackhead-extractor/
POWER Advanced Wrinkle Fighter 360° Eye Serum,Treatment,http://127.0.0.1:8000/products/power-advanced-wrinkle-fighter-360deg-eye-serum/
Black Tea Age-Delay Firming Serum,Treatment,http://127.0.0.1:8000/products/black-tea-age-delay-firming-serum/
Resveratrol Lift Firming Serum,Treatment,http://127.0.0.1:8000/products/resveratrol-lift-firming-serum/
Outsmart Acne Clarifying Treatment,Treatment,http://127.0.0.1:8000/products/outsmart-acne-clarifying-treatment/
Breakout Fighters,Treatment,http://127.0.0.1:8000/products/breakout-fighters/
Protein Booster Skin Serum,Treatment,http://127.0.0.1:8000/products/protein-booster-skin-serum/
Saturn Sulfur Acne Treatment Mask,Treatment,http://127.0.0.1:8000/products/saturn-sulfur-acne-treatment-mask/
Midnight Secret Late Night Recovery Treatment,Moisturizer,http://127.0.0.1:8000/products/midnight-secret-late-night-recovery-treatment/
Post-Acne Spot Lightening Gel,Treatment,http://127.0.0.1:8000/products/post-acne-spot-lightening-gel/
Hydro-Plumping Re-Texturizing Serum Concentrate,Treatment,http://127.0.0.1:8000/products/hydro-plumping-re-texturizing-serum-concentrate/
The Microdelivery Resurfacing Peel,Treatment,http://127.0.0.1:8000/products/the-microdelivery-resurfacing-peel/
Ferulic + Retinol Wrinkle Recovery Overnight Serum,Moisturizer,http://127.0.0.1:8000/products/ferulic-retinol-wrinkle-recovery-overnight-serum/
,,
,,
,,
,,
,,
,,
,,
,,
,,
,,
,,
,,
,,
,,
,,
,,
,,
,,
,,
,,
,,
,,
,,
,,
,,
,,
,,
,,
,,
,,
,,
,,
,,
,,
,,
,,
,,
,,
,,
,,
,,
,,
,,
,,
,,
,,
,,
,,
,,
,,
,,
,,
,,
,,
,,
,,
,,
,,
,,
,,
,,
,,
,,
,,
,,
,,
,,
,,
,,
,,
,,
,,
,,
,,
,,
,,
,,
,,
,,
,,
,,
,,
,,
,,
,,
,,
,,
,,
,,
,,
,,
,,
,,
,,
,,
,,
,,
,,
,,
,,
,,
,,
,,
,,
,,
,,
,,
,,
,,
,,
,,
,,
,,
,,
,,
,,
,,
,,
,,
,,
,,
,,
,,
,,
,,
,,
,,
,,
,,
,,
,,
,,
,,
,,
,,
,,
,,
,,
,,
,,
,,
,,
,,
,,
,,
,,
,,
,,
,,
,,
,,
,,
,,
,,
,,
,,
,,
,,
,,
,,
,,
,,
,,
,,
,,
,,
,,
,,
,,
,,
,,
,,
,,
,,
,,
,,
,,
,,
,,
,,
,,
,,
,,
,,
,,
,,
,,
,,
,,
,,
,,
,,
,,
,,
,,
,,
,,
,,
,,
,,
,,
,,
,,
,,
,,
,,
,,
,,
,,
,,
,,
,,
,,
,,
,,
,,
,,
,,
,,
,,
,,
,,
,,
,,
,,
,,
,,
,,
,,
,,
,,
,,
,,
,,
,,
,,
,,
,,
,,
,,
,,
,,
,,
,,
,,
,,
,,
,,
,,
,,
,,
,,
,,
,,
,,
,,
,,
,,
,,
,,
,,
,,
,,
,,
,,
,,
,,
,,
,,
,,
,,
,,
,,
,,
,,
,,
,,
,,
,,
,,
,,
,,
,,
,,
,,
,,
,,
,,
,,
,,
,,
,,
,,
,,
,,
,,
,,
,,
,,
,,
,,
,,
,,
,,
,,
,,
,,
,,
,,
,,
,,
,,
,,
,,
,,
,,
,,
,,
,,
,,
,,
,,
,,
,,
,,
,,
,,
,,
,,
,,
,,
,,
,,
,,
,,
,,
,,
,,
,,
,,
,,
,,
,,
,,
,,
,,
,,
,,
,,
,,
,,
,,
,,
,,
,,
,,
,,
,,
,,
,,
,,
,,
,,
,,
,,
,,
,,
,,
,,
,,
,,
,,
,,
,,
,,
,,
,,
,,
,,
,,
,,
,,
,,
,,
,,
,,
,,
,,
,,
,,
,,
,,
,,
,,
,,
,,
,,
,,
,,
,,
,,
,,
,,
,,
,,
,,
,,
,,
,,
,,
,,
,,
,,
,,
,,
,,
,,
,,
,,
,,
,,
,,
,,
,,
,,
,,
,,
,,
,,
,,
,,
,,
,,
,,
,,
,,
,,
,,
,,
,,
,,
,,
,,
,,
,,
,,
,,
,,
,,
,,
,,
,,
,,
,,
,,
,,
,,
,,
,,
,,
,,
,,
,,
,,
,,
,,
,,
,,
,,
,,
,,
,,
,,
,,
,,
,,
,,
,,
,,
,,
,,
,,
,,
,,
,,
,,
,,
,,
,,
,,
,,
,,
,,
,,
,,
,,
,,
,,
,,
,,
,,
,,
,,
,,
,,
,,
,,
,,
,,
,,
,,
,,
,,
,,
,,
,,
,,
,,
,,
,,
,,
,,
,,
,,
,,
,,
,,
,,
,,
,,
,,
,,
,,
,,
,,
,,
,,
,,
,,
,,
,,
,,
,,
,,
,,
,,
,,
,,
,,
,,
,,
,,
,,
,,
,,
,,
,,
,,
,,
,,
,,
,,
,,
,,
,,
,,
,,
,,
,,
,,
,,
,,
,,
,,
,,
,,
,,
,,
,,
,,
,,
,,
,,
,,
,,
,,
,,
,,
,,
,,
,,
,,
,,
,,
,,
,,
,,
,,
,,
,,
,,
,,
,,
,,
,,
,,
,,
,,
,,
,,
,,
,,
,,
,,
,,
,,
,,
,,
,,
,,
,,
,,
,,
,,
,,
,,
,,
,,
,,
,,
,,
,,
,,
,,
,,
,,
,,
,,
,,
,,
,,
,,
,,
,,
,,
,,
,,
,,
,,
,,
,,
,,
,,
,,
,,
,,
,,
,,
,,
,,
,,
,,
,,
,,
,,
,,
,,
,,
,,
,,
,,
,,
,,
,,
,,
,,
,,
,,
,,
,,
,,
,,
,,
,,
,,
,,
,,
,,
,,
,,
,,
,,
,,
,,
,,
,,
,,
,,
,,
,,
,,
,,
,,
,,
,,
,,
,,
,,
,,
,,
,,
,,
,,
,,
,,
,,
,,
,,
,,
,,
,,
,,
,,
,,
,,
,,
,,
,,
,,
,,
,,
,,
,,
,,
,,
,,
,,
,,
,,
,,
,,
,,
,,
,,
,,
,,
,,
,,
,,
,,
,,
,,
,,
,,
,,
,,
,,
,,
,,
,,
,,
,,
,,
,,
,,
,,
,,
,,
,,
,,
,,
,,
,,
,,
,,
,,
,,
,,
,,
,,
,,
,,
,,
,,
,,
,,
,,
,,
,,
,,
,,
,,
,,
,,
,,
,,
,,
,,
,,
,,
,,
,,
,,
,,
,,
,,
,,
,,
,,
,,
,,
,,
,,
,,
,,
,,
,,
,,
,,
,,
,,
,,
,,
,,
,,
,,
,,
,,
,,
,,
,,
,,
,,
,,
,,
,,
,,
,,
,,
,,
,,
,,
,,
,,
,,
,,
,,
,,
,,
,,
,,
,,
,,
,,
,,
,,
,,
,,
,,
,,
,,
,,
,,
,,
,,
,,
,,
,,
,,
,,
,,
,,
,,
,,
,,
,,
,,
,,
,,
,,
,,
,,
,,
,,
,,
,,
,,
,,
,,
,,
,,
,,
,,
,,
,,
,,
,,
,,
,,
,,
,,
,,
,,
,,
,,
,,
,,
,,
,,
,,
,,
,,
,,
,,
,,
,,
,,
,,
,,
,,
,,
,,
,,
,,
,,
,,
,,
,,
,,
,,
,,
,,
,,
,,
,,
,,
,,
,,
,,
,,
,,
,,
,,
,,
,,
,,
,,
,,
,,
,,
,,
,,
,,
,,
,,
,,
,,
,,
,,
,,
,,
,,
,,
,,
,,
,,
,,
,,
,,
,,
,,
,,
,,
,,
,,
,,
,,
,,
,,
,,
,,
,,
,,
,,
,,
,,
,,
,,
,,
,,
,,
,,
,,
,,
,,
,,
,,
,,
,,
,,
,,
,,
,,
,,
,,
,,
,,
,,
,,
,,
,,
,,
,,
,,
,,
,,
,,
,,
,,
,,
,,
,,
,,
,,
,,
,,
,,
,,
,,
,,
,,
,,
,,
,,
,,
,,
,,
,,
,,
,,
,,
,,
,,
,,
,,
,,
,,
,,
,,
,,
,,
,,
,,
,,
,,
,,
,,
,,
,,
,,
,,
,,
,,
,,
,,
,,
,,
,,
,,
,,
,,
,,
,,
,,
,,
,,
,,
,,
,,
,,
,,
,,
,,
,,
,,
,,
,,
,,
,,
,,
,,
,,
,,
,,
,,
,,
,,
,,
,,
,,
,,
,,
,,
,,
,,
,,
,,
,,
,,
,,
,,
,,
,,
,,
,,
,,
,,
,,
,,
,,
,,
,,
,,
,,
,,
,,
,,
,,
,,
,,
,,
,,
,,
,,
,,
,,
,,
,,
,,
,,
,,
,,
,,
,,
,,
,,
,,
,,
,,
,,
,,
,,
,,
,,
,,
,,
,,
,,
,,
,,
,,
,,
,,
,,
,,
,,
,,
,,
,,
,,
,,
,,
,,
,,
,,
,,
,,
,,
,,
,,
,,
,,
,,
,,
,,
,,
,,
,,
,,
,,
,,
,,
,,
,,
,,
,,
,,
,,
,,
,,
,,
,,
,,
,,
,,
,,
,,
,,
,,
,,
,,
,,
,,
,,
,,
,,
,,
,,
,,
,,
,,
,,
,,
,,
,,
,,
,,
,,
,,
,,
,,
,,
,,
,,
,,
,,
,,
,,
,,
,,
,,
,,
,,
,,
,,
,,
,,
,,
,,
,,
,,
,,
,,
,,
,,
,,
,,
,,
,,
,,
,,
,,
,,
,,
,,
,,
,,
,,
,,
,,
,,
,,
,,
,,
,,
,,
,,
,,
,,
,,
,,
,,
,,
,,
,,
,,
,,
,,
,,
,,
,,
,,
,,
,,
,,
,,
,,
,,
,,
,,
,,
,,
,,
,,
,,
,,
,,
,,
,,
,,
,,
,,
,,
,,
,,
,,
,,
,,
,,
,,
,,
,,
,,
,,
,,
,,
,,
,,
,,
,,
,,
,,
,,
,,
,,
,,
,,
,,
,,
,,
,,
,,
,,
,,
,,
,,
,,
,,
,,
,,
,,
,,
,,
,,
,,
,,
,,
,,
,,
,,
,,
,,
,,
,,
,,
,,
,,
,,
,,
,,
,,
,,
,,
,,
,,
,,
,,
,,
,,
,,
,,
,,
,,
,,
,,
,,
,,
,,
,,
,,
,,
,,
,,
,,
,,
,,
,,
,,
,,
,,
,,
,,
,,
,,
,,
,,
,,
,,
,,
,,
,,
,,
,,
,,
,,
,,
,,
,,
,,
,,
,,
,,
,,
,,
,,
,,
,,
,,
,,
,,
,,
,,
,,
,,
,,
,,
,,
,,
,,
,,
,,
,,
,,
,,
,,
,,
,,
,,
,,
,,
,,
,,
,,
,,
,,
,,
,,
,,
,,
,,
,,
,,
,,
,,
,,
,,
,,
,,
,,
,,
,,
,,
,,
,,
,,
,,
,,
,,
,,
,,
,,
,,
,,
,,
,,
,,
,,
,,
,,
,,
,,
,,
,,
,,
,,
,,
,,
,,
,,
,,
,,
,,
,,
,,
,,
,,
,,
,,
,,
,,
,,
,,
,,
,,
,,
,,
,,
,,
,,
,,
,,
,,
,,
,,
,,
,,
,,
,,
,,
,,
,,
,,
,,
,,
,,
,,
,,
,,
,,
,,
,,
,,
,,
,,
,,
,,
,,
,,
,,
,,
,,
,,
,,
,,
,,
,,
,,
,,
,,
,,
,,
,,
,,
,,
,,
,,
,,
,,
,,
,,
,,
,,
,,
,,
,,
,,
,,
,,
,,
,,
,,
,,
,,
,,
,,
,,
,,
,,
,,
,,
,,
,,
,,
,,
,,
,,
,,
,,
,,
,,
,,
,,
,,
,,
,,
,,
,,
,,
,,
,,
,,
,,
,,
,,
,,
,,
,,
,,
,,
,,
,,
,,
,,
,,
,,
,,
,,
,,
,,
,,
,,
,,
,,
,,
,,
,,
,,
,,
,,
,,
,,
,,
,,
,,
,,
,,
,,
,,
,,
,,
,,
,,
,,
,,
,,
,,
,,
,,
,,
,,
,,
,,
,,
,,
,,
,,
,,
,,
,,
,,
,,
,,
,,
,,
,,
,,
,,
,,
,,
,,
,,
,,
,,
,,
,,
,,
,,
,,
,,
,,
,,
,,
,,
,,
,,
,,
,,
,,
,,
,,
,,
,,
,,
,,
,,
,,
,,
,,
,,
,,
,,
,,
,,
,,
,,
,,
,,
,,
,,
,,
,,
,,
,,
,,
,,
,,
,,
,,
,,
,,
,,
,,
,,
,,
,,
,,
,,
,,
,,
,,
,,
,,
,,
,,
,,
,,
,,
,,
,,
,,
,,
,,
,,
,,
,,
,,
,,
,,
,,
,,
,,
,,
,,
,,
,,
,,
,,
,,
,,
,,
,,
,,
,,
,,
,,
,,
,,
,,
,,
,,
,,
,,
,,
,,
,,
,,
,,
,,
,,
,,
,,
,,
,,
,,
,,
,,
,,
,,
,,
,,
,,
,,
,,
,,
,,
,,
,,
,,
,,
,,
,,
,,
,,
,,
,,
,,
,,
,,
,,
,,
,,
,,
,,
,,
,,
,,
,,
,,
,,
,,
,,
,,
,,
,,
,,
,,
,,
,,
,,
,,
,,
,,
,,
,,
,,
,,
,,
,,
,,
,,
,,
,,
,,
,,
,,
,,
,,
,,
,,
,,
,,
,,
,,
,,
,,
,,
,,
,,
,,
,,
,,
,,
,,
,,
,,
,,
,,
,,
,,
,,
,,
,,
,,
,,
,,
,,
,,
,,
,,
,,
,,
,,
,,
,,
,,
,,
,,
,,
,,
,,
,,
,,
,,
,,
,,
,,
,,
,,
,,
,,
,,
,,
,,
,,
,,
,,
,,
,,
,,
,,
,,
,,
,,
,,
,,
,,
,,
,,
,,
,,
,,
,,
,,
,,
,,
,,
,,
,,
,,
,,
,,
,,
,,
,,
,,
,,
,,
,,
,,
,,
,,
,,
,,
,,
,,
,,
,,
,,
,,
,,
,,
,,
,,
,,
,,
,,
,,
,,
,,
,,
,,
,,
,,
,,
,,
,,
,,
,,
,,
,,
,,
,,
,,
,,
,,
,,
,,
,,
,,
,,
,,
,,
,,
,,
,,
,,
,,
,,
,,
,,
,,
,,
,,
,,
,,
,,
,,
,,
,,
,,
,,
,,
,,
,,
,,
,,
,,
,,
,,
,,
,,
,,
,,
,,
,,
,,
,,
,,
,,
,,
,,
,,
,,
,,
,,
,,
,,
,,
,,
,,
,,
,,
,,
,,
,,
,,
,,
,,
,,
,,
,,
,,
,,
,,
,,
,,
,,
,,
,,
,,
,,
,,
,,
,,
,,
,,
,,
,,
,,
,,
,,
,,
,,
,,
,,
,,
,,
,,
,,
,,
,,
,,
,,
,,
,,
,,
,,
,,
,,
,,
,,
,,
,,
,,
,,
,,
,,
,,
,,
,,
,,
,,
,,
,,
,,
,,
,,
,,
,,
,,
,,
,,
,,
,,
,,
,,
,,
,,
,,
,,
,,
,,
,,
,,
,,
,,
,,
,,
,,
,,
,,
,,
,,
,,
,,
,,
,,
,,
,,
,,
,,
,,
,,
,,
,,
,,
,,
,,
,,
,,
,,
,,
,,
,,
,,
,,
,,
,,
,,
,,
,,
,,
,,
,,
,,
,,
,,
,,
,,
,,
,,
,,
,,
,,
,,
,,
,,
,,
,,
,,
,,
,,
,,
,,
,,
,,
,,
,,
,,
,,
,,
,,
,,
,,
,,
,,
,,
,,
,,
,,
,,
,,
,,
,,
,,
,,
,,
,,
,,
,,
,,
,,
,,
,,
,,
,,
,,
,,
,,
,,
,,
,,
,,
,,
,,
,,
,,
,,
,,
,,
,,
,,
,,
,,
,,
,,
,,
,,
,,
,,
,,
,,
,,
,,
,,
,,
,,
,,
,,
,,
,,
,,
,,
,,
,,
,,
,,
,,
,,
,,
,,
,,
,,
,,
,,
,,
,,
,,
,,
,,
,,
,,
,,
,,
,,
,,
,,
,,
,,
,,
,,
,,
,,
,,
,,
,,
,,
,,
,,
,,
,,
,,
,,
,,
,,
,,
,,
,,
,,
,,
,,
,,
,,
,,
,,
,,
,,
,,
,,
,,
,,
,,
,,
,,
,,
,,
,,
,,
,,
,,
,,
,,
,,
,,
,,
,,
,,
,,
,,
,,
,,
,,
,,
,,
,,
,,
,,
,,
,,
,,
,,
,,
,,
,,
,,
,,
,,
,,
,,
,,
,,
,,
,,
,,
,,
,,
,,
,,
,,
,,
,,
,,
,,
,,
,,
,,
,,
,,
,,
,,
,,
,,
,,
,,
,,
,,
,,
,,
,,
,,
,,
,,
,,
,,
,,
,,
,,
,,
,,
,,
,,
,,
,,
,,
,,
,,
,,
,,
,,
,,
,,
,,
,,
,,
,,
,,
,,
,,
,,
,,
,,
,,
,,
,,
,,
,,
,,
,,
,,
,,
,,
,,
,,
,,
,,
,,
,,
,,
,,
,,
,,
,,
,,
,,
,,
,,
,,
,,
,,
,,
,,
,,
,,
,,
,,
,,
,,
,,
,,
,,
,,
,,
,,
,,
,,
,,
,,
,,
,,
,,
,,
,,
,,
,,
,,
,,
,,
,,
,,
,,
,,
,,
,,
,,
,,
,,
,,
,,
,,
,,
,,
,,
,,
,,
,,
,,
,,
,,
,,
,,
,,
,,
,,
,,
,,
,,
,,
,,
,,
,,
,,
,,
,,
,,
,,
,,
,,
,,
,,
,,
,,
,,
,,
,,
,,
,,
,,
,,
,,
,,
,,
,,
,,
,,
,,
,,
,,
,,
,,
,,
,,
,,
,,
,,
,,
,,
,,
,,
,,
,,
,,
,,
,,
,,
,,
,,
,,
,,
,,
,,
,,
,,
,,
,,
,,
,,
,,
,,
,,
,,
,,
,,
,,
,,
,,
,,
,,
,,
,,
,,
,,
,,
,,
,,
,,
,,
,,
,,
,,
,,
,,
,,
,,
,,
,,
,,
,,
,,
,,
,,
,,
,,
,,
,,
,,
,,
,,
,,
,,
,,
,,
,,
,,
,,
,,
,,
,,
,,
,,
,,
,,
,,
,,
,,
,,
,,
,,
,,
,,
,,
,,
,,
,,
,,
,,
,,
,,
,,
,,
,,
,,
,,
,,
,,
,,
,,
,,
,,
,,
,,
,,
,,
,,
,,
,,
,,
,,
,,
,,
,,
,,
,,
,,
,,
,,
,,
,,
,,
,,
,,
,,
,,
,,
,,
,,
,,
,,
,,
,,
,,
,,
,,
,,
,,
,,
,,
,,
,,
,,
,,
,,
,,
,,
,,
,,
,,
,,
,,
,,
,,
,,
,,
,,
,,
,,
,,
,,
,,
,,
,,
,,
,,
,,
,,
,,
,,
,,
,,
,,
,,
,,
,,
,,
,,
,,
,,
,,
,,
,,
,,
,,
,,
,,
,,
,,
,,
,,
,,
,,
,,
,,
,,
,,
,,
,,
,,
,,
,,
,,
,,
,,
,,
,,
,,
,,
,,
,,
,,
,,
,,
,,
,,
,,
,,
,,
,,
,,
,,
,,
,,
,,
,,
,,
,,
,,
,,
,,
,,
,,
,,
,,
,,
,,
,,
,,
,,
,,
,,
,,
,,
,,
,,
,,
,,
,,
,,
,,
,,
,,
,,
,,
,,
,,
,,
,,
,,
,,
,,
,,
,,
,,
,,
,,
,,
,,
,,
,,
,,
,,
,,
,,
,,
,,
,,
,,
,,
,,
,,
,,
,,
,,
,,
,,
,,
,,
,,
,,
,,
,,
,,
,,
,,
,,
,,
,,
,,
,,
,,
,,
,,
,,
,,
,,
,,
,,
,,
,,
,,
,,
,,
,,
,,
,,
,,
,,
,,
,,
,,
,,
,,
,,
,,
,,
,,
,,
,,
,,
,,
,,
,,
,,
,,
,,
,,
,,
,,
,,
,,
,,
,,
,,
,,
,,
,,
,,
,,
,,
,,
,,
,,
,,
,,
,,
,,
,,
,,
,,
,,
,,
,,
,,
,,
,,
,,
,,
,,
,,
,,
,,
,,
,,
,,
,,
,,
,,
,,
,,
,,
,,
,,
,,
,,
,,
,,
,,
,,
,,
,,
,,
,,
,,
,,
,,
,,
,,
,,
,,
,,
,,
,,
,,
,,
,,
,,
,,
,,
,,
,,
,,
,,
,,
,,
,,
,,
,,
,,
,,
,,
,,
,,
,,
,,
,,
,,
,,
,,
,,
,,
,,
,,
,,
,,
,,
,,
,,
,,
,,
,,
,,
,,
,,
,,
,,
,,
,,
,,
,,
,,
,,
,,
,,
,,
,,
,,
,,
,,
,,
,,
,,
,,
,,
,,
,,
,,
,,
,,
,,
,,
,,
,,
,,
,,
,,
,,
,,
,,
,,
,,
,,
,,
,,
,,
,,
,,
,,
,,
,,
,,
,,
,,
,,
,,
,,
,,
,,
,,
,,
,,
,,
,,
,,
,,
,,
,,
,,
,,
,,
,,
,,
,,
,,
,,
,,
,,
,,
,,
,,
,,
,,
,,
,,
,,
,,
,,
,,
,,
,,
,,
,,
,,
,,
,,
,,
,,
,,
,,
,,
,,
,,
,,
,,
,,
,,
,,
,,
,,
,,
,,
,,
,,
,,
,,
,,
,,
,,
,,
,,
,,
,,
,,
,,
,,
,,
,,
,,
,,
,,
,,
,,
,,
,,
,,
,,
,,
,,
,,
,,
,,
,,
,,
,,
,,
,,
,,
,,
,,
,,
,,
,,
,,
,,
,,
,,
,,
,,
,,
,,
,,
,,
,,
,,
,,
,,
,,
,,
,,
,,
,,
,,
,,
,,
,,
,,
,,
,,
,,
,,
,,
,,
,,
,,
,,
,,
,,
,,
,,
,,
,,
,,
,,
,,
,,
,,
,,
,,
,,
,,
,,
,,
,,
,,
,,
,,
,,
,,
,,
,,
,,
,,
,,
,,
,,
,,
,,
,,
,,
,,
,,
,,
,,
,,
,,
,,
,,
,,
,,
,,
,,
,,
,,
,,
,,
,,
,,
,,
,,
,,
,,
,,
,,
,,
,,
,,
,,
,,
,,
,,
,,
,,
,,
,,
,,
,,
,,
,,
,,
,,
,,
,,
,,
,,
,,
,,
,,
,,
,,
,,
,,
,,
,,
,,
,,
,,
,,
,,
,,
,,
,,
,,
,,
,,
,,
,,
,,
,,
,,
,,
,,
,,
,,
,,
,,
,,
,,
,,
,,
,,
,,
,,
,,
,,
,,
,,
,,
,,
,,
,,
,,
,,
,,
,,
,,
,,
,,
,,
,,
,,
,,
,,
,,
,,
,,
,,
,,
,,
,,
,,
,,
,,
,,
,,
,,
,,
,,
,,
,,
,,
,,
,,
,,
,,
,,
,,
,,
,,
,,
,,
,,
,,
,,
,,
,,
,,
,,
,,
,,
,,
,,
,,
,,
,,
,,
,,
,,
,,
,,
,,
,,
,,
,,
,,
,,
,,
,,
,,
,,
,,
,,
,,
,,
,,
,,
,,
,,
,,
,,
,,
,,
,,
,,
,,
,,
,,
,,
,,
,,
,,
,,
,,
,,
,,
,,
,,
,,
,,
,,
,,
,,
,,
,,
,,
,,
,,
,,
,,
,,
,,
,,
,,
,,
,,
,,
,,
,,
,,
,,
,,
,,
,,
,,
,,
,,
,,
,,
,,
,,
,,
,,
,,
,,
,,
,,
,,
,,
,,
,,
,,
,,
,,
,,
,,
,,
,,
,,
,,
,,
,,
,,
,,
,,
,,
,,
,,
,,
,,
,,
,,
,,
,,
,,
,,
,,
,,
,,
,,
,,
,,
,,
,,
,,
,,
,,
,,
,,
,,
,,
,,
,,
,,
,,
,,
,,
,,
,,
,,
,,
,,
,,
,,
,,
,,
,,
,,
,,
,,
,,
,,
,,
,,
,,
,,
,,
,,
,,
,,
,,
,,
,,
,,
,,
,,
,,
,,
,,
,,
,,
,,
,,
,,
,,
,,
,,
,,
,,
,,
,,
,,
,,
,,
,,
,,
,,
,,
,,
,,
,,
,,
,,
,,
,,
,,
,,
,,
,,
,,
,,
,,
,,
,,
,,
,,
,,
,,
,,
,,
,,
,,
,,
,,
,,
,,
,,
,,
,,
,,
,,
,,
,,
,,
,,
,,
,,
,,
,,
,,
,,
,,
,,
,,
,,
,,
,,
,,
,,
,,
,,
,,
,,
,,
,,
,,
,,
,,
,,
,,
,,
,,
,,
,,
,,
,,
,,
,,
,,
,,
,,
,,
,,
,,
,,
,,
,,
,,
,,
,,
,,
,,
,,
,,
,,
,,
,,
,,
,,
,,
,,
,,
,,
,,
,,
,,
,,
,,
,,
,,
,,
,,
,,
,,
,,
,,
,,
,,
,,
,,
,,
,,
,,
,,
,,
,,
,,
,,
,,
,,
,,
,,
,,
,,
,,
,,
,,
,,
,,
,,
,,
,,
,,
,,
,,
,,
,,
,,
,,
,,
,,
,,
,,
,,
,,
,,
,,
,,
,,
,,
,,
,,
,,
,,
,,
,,
,,
,,
,,
,,
,,
,,
,,
,,
,,
,,
,,
,,
,,
,,
,,
,,
,,
,,
,,
,,
,,
,,
,,
,,
,,
,,
,,
,,
,,
,,
,,
,,
,,
,,
,,
,,
,,
,,
,,
,,
,,
,,
,,
,,
,,
,,
,,
,,
,,
,,
,,
,,
,,
,,
,,
,,
,,
,,
,,
,,
,,
,,
,,
,,
,,
,,
,,
,,
,,
,,
,,
,,
,,
,,
,,
,,
,,
,,
,,
,,
,,
,,
,,
,,
,,
,,
,,
,,
,,
,,
,,
,,
,,
,,
,,
,,
,,
,,
,,
,,
,,
,,
,,
,,
,,
,,
,,
,,
,,
,,
,,
,,
,,
,,
,,
,,
,,
,,
,,
,,
,,
,,
,,
,,
,,
,,
,,
,,
,,
,,
,,
,,
,,
,,
,,
,,
,,
,,
,,
,,
,,
,,
,,
,,
,,
,,
,,
,,
,,
,,
,,
,,
,,
,,
,,
,,
,,
,,
,,
,,
,,
,,
,,
,,
,,
,,
,,
,,
,,
,,
,,
,,
,,
,,
,,
,,
,,
,,
,,
,,
,,
,,
,,
,,
,,
,,
,,
,,
,,
,,
,,
,,
,,
,,
,,
,,
,,
,,
,,
,,
,,
,,
,,
,,
,,
,,
,,
,,
,,
,,
,,
,,
,,
,,
,,
,,
,,
,,
,,
,,
,,
,,
,,
,,
,,
,,
,,
,,
,,
,,
,,
,,
,,
,,
,,
,,
,,
,,
,,
,,
,,
,,
,,
,,
,,
,,
,,
,,
,,
,,
,,
,,
,,
,,
,,
,,
,,
,,
,,
,,
,,
,,
,,
,,
,,
,,
,,
,,
,,
,,
,,
,,
,,
,,
,,
,,
,,
,,
,,
,,
,,
,,
,,
,,
,,
,,
,,
,,
,,
,,
,,
,,
,,
,,
,,
,,
,,
,,
,,
,,
,,
,,
,,
,,
,,
,,
,,
,,
,,
,,
,,
,,
,,
,,
,,
,,
,,
,,
,,
,,
,,
,,
,,
,,
,,
,,
,,
,,
,,
,,
,,
,,
,,
,,
,,
,,
,,
,,
,,
,,
,,
,,
,,
,,
,,
,,
,,
,,
,,
,,
,,
,,
,,
,,
,,
,,
,,
,,
,,
,,
,,
,,
,,
,,
,,
,,
,,
,,
,,
,,
,,
,,
,,
,,
,,
,,
,,
,,
,,
,,
,,
,,
,,
,,
,,
,,
,,
,,
,,
,,
,,
,,
,,
,,
,,
,,
,,
,,
,,
,,
,,
,,
,,
,,
,,
,,
,,
,,
,,
,,
,,
,,
,,
,,
,,
,,
,,
,,
,,
,,
,,
,,
,,
,,
,,
,,
,,
,,
,,
,,
,,
,,
,,
,,
,,
,,
,,
,,
,,
,,
,,
,,
,,
,,
,,
,,
,,
,,
,,
,,
,,
,,
,,
,,
,,
,,
,,
,,
,,
,,
,,
,,
,,
,,
,,
,,
,,
,,
,,
,,
,,
,,
,,
,,
,,
,,
,,
,,
,,
,,
,,
,,
,,
,,
,,
,,
,,
,,
,,
,,
,,
,,
,,
,,
,,
,,
,,
,,
,,
,,
,,
,,
,,
,,
,,
,,
,,
,,
,,
,,
,,
,,
,,
,,
,,
,,
,,
,,
,,
,,
,,
,,
,,
,,
,,
,,
,,
,,
,,
,,
,,
,,
,,
,,
,,
,,
,,
,,
,,
,,
,,
,,
,,
,,
,,
,,
,,
,,
,,
,,
,,
,,
,,
,,
,,
,,
,,
,,
,,
,,
,,
,,
,,
,,
,,
,,
,,
,,
,,
,,
,,
,,
,,
,,
,,
,,
,,
,,
,,
,,
,,
,,
,,
,,
,,
,,
,,
,,
,,
,,
,,
,,
,,
,,
,,
,,
,,
,,
,,
,,
,,
,,
,,
,,
,,
,,
,,
,,
,,
,,
,,
,,
,,
,,
,,
,,
,,
,,
,,
,,
,,
,,
,,
,,
,,
,,
,,
,,
,,
,,
,,
,,
,,
,,
,,
,,
,,
,,
,,
,,
,,
,,
,,
,,
,,
,,
,,
,,
,,
,,
,,
,,
,,
,,
,,
,,
,,
,,
,,
,,
,,
,,
,,
,,
,,
,,
,,
,,
,,
,,
,,
,,
,,
,,
,,
,,
,,
,,
,,
,,
,,
,,
,,
,,
,,
,,
,,
,,
,,
,,
,,
,,
,,
,,
,,
,,
,,
,,
,,
,,
,,
,,
,,
,,
,,
,,
,,
,,
,,
,,
,,
,,
,,
,,
,,
,,
,,
,,
,,
,,
,,
,,
,,
,,
,,
,,
,,
,,
,,
,,
,,
,,
,,
,,
,,
,,
,,
,,
,,
,,
,,
,,
,,
,,
,,
,,
,,
,,
,,
,,
,,
,,
,,
,,
,,
,,
,,
,,
,,
,,
,,
,,
,,
,,
,,
,,
,,
,,
,,
,,
,,
,,
,,
,,
,,
,,
,,
,,
,,
,,
,,
,,
,,
,,
,,
,,
,,
,,
,,
,,
,,
,,
,,
,,
,,
,,
,,
,,
,,
,,
,,
,,
,,
,,
,,
,,
,,
,,
,,
,,
,,
,,
,,
,,
,,
,,
,,
,,
,,
,,
,,
,,
,,
,,
,,
,,
,,
,,
,,
,,
,,
,,
,,
,,
,,
,,
,,
,,
,,
,,
,,
,,
,,
,,
,,
,,
,,
,,
,,
,,
,,
,,
,,
,,
,,
,,
,,
,,
,,
,,
,,
,,
,,
,,
,,
,,
,,
,,
,,
,,
,,
,,
,,
,,
,,
,,
,,
,,
,,
,,
,,
,,
,,
,,
,,
,,
,,
,,
,,
,,
,,
,,
,,
,,
,,
,,
,,
,,
,,
,,
,,
,,
,,
,,
,,
,,
,,
,,
,,
,,
,,
,,
,,
,,
,,
,,
,,
,,
,,
,,
,,
,,
,,
,,
,,
,,
,,
,,
,,
,,
,,
,,
,,
,,
,,
,,
,,
,,
,,
,,
,,
,,
,,
,,
,,
,,
,,
,,
,,
,,
,,
,,
,,
,,
,,
,,
,,
,,
,,
,,
,,
,,
,,
,,
,,
,,
,,
,,
,,
,,
,,
,,
,,
,,
,,
,,
,,
,,
,,
,,
,,
,,
,,
,,
,,
,,
,,
,,
,,
,,
,,
,,
,,
,,
,,
,,
,,
,,
,,
,,
,,
,,
,,
,,
,,
,,
,,
,,
,,
,,
,,
,,
,,
,,
,,
,,
,,
,,
,,
,,
,,
,,
,,
,,
,,
,,
,,
,,
,,
,,
,,
,,
,,
,,
,,
,,
,,
,,
,,
,,
,,
,,
,,
,,
,,
,,
,,
,,
,,
,,
,,
,,
,,
,,
,,
,,
,,
,,
,,
,,
,,
,,
,,
,,
,,
,,
,,
,,
,,
,,
,,
,,
,,
,,
,,
,,
,,
,,
,,
,,
,,
,,
,,
,,
,,
,,
,,
,,
,,
,,
,,
,,
,,
,,
,,
,,
,,
,,
,,
,,
,,
,,
,,
,,
,,
,,
,,
,,
,,
,,
,,
,,
,,
,,
,,
,,
,,
,,
,,
,,
,,
,,
,,
,,
,,
,,
,,
,,
,,
,,
,,
,,
,,
,,
,,
,,
,,
,,
,,
,,
,,
,,
,,
,,
,,
,,
,,
,,
,,
,,
,,
,,
,,
,,
,,
,,
,,
,,
,,
,,
,,
,,
,,
,,
,,
,,
,,
,,
,,
,,
,,
,,
,,
,,
,,
,,
,,
,,
,,
,,
,,
,,
,,
,,
,,
,,
,,
,,
,,
,,
,,
,,
,,
,,
,,
,,
,,
,,
,,
,,
,,
,,
,,
,,
,,
,,
,,
,,
,,
,,
,,
,,
,,
,,
,,
,,
,,
,,
,,
,,
,,
,,
,,
,,
,,
,,
,,
,,
,,
,,
,,
,,
,,
,,
,,
,,
,,
,,
,,
,,
,,
,,
,,
,,
,,
,,
,,
,,
,,
,,
,,
,,
,,
,,
,,
,,
,,
,,
,,
,,
,,
,,
,,
,,
,,
,,
,,
,,
,,
,,
,,
,,
,,
,,
,,
,,
,,
,,
,,
,,
,,
,,
,,
,,
,,
,,
,,
,,
,,
,,
,,
,,
,,
,,
,,
,,
,,
,,
,,
,,
,,
,,
,,
,,
,,
,,
,,
,,
,,
,,
,,
,,
,,
,,
,,
,,
,,
,,
,,
,,
,,
,,
,,
,,
,,
,,
,,
,,
,,
,,
,,
,,
,,
,,
,,
,,
,,
,,
,,
,,
,,
,,
,,
,,
,,
,,
,,
,,
,,
,,
,,
,,
,,
,,
,,
,,
,,
,,
,,
,,
,,
,,
,,
,,
,,
,,
,,
,,
,,
,,
,,
,,
,,
,,
,,
,,
,,
,,
,,
,,
,,
,,
,,
,,
,,
,,
,,
,,
,,
,,
,,
,,
,,
,,
,,
,,
,,
,,
,,
,,
,,
,,
,,
,,
,,
,,
,,
,,
,,
,,
,,
,,
,,
,,
,,
,,
,,
,,
,,
,,
,,
,,
,,
,,
,,
,,
,,
,,
,,
,,
,,
,,
,,
,,
,,
,,
,,
,,
,,
,,
,,
,,
,,
,,
,,
,,
,,
,,
,,
,,
,,
,,
,,
,,
,,
,,
,,
,,
,,
,,
,,
,,
,,
,,
,,
,,
,,
,,
,,
,,
,,
,,
,,
,,
,,
,,
,,
,,
,,
,,
,,
,,
,,
,,
,,
,,
,,
,,
,,
,,
,,
,,
,,
,,
,,
,,
,,
,,
,,
,,
,,
,,
,,
,,
,,
,,
,,
,,
,,
,,
,,
,,
,,
,,
,,
,,
,,
,,
,,
,,
,,
,,
,,
,,
,,
,,
,,
,,
,,
,,
,,
,,
,,
,,
,,
,,
,,
,,
,,
,,
,,
,,
,,
,,
,,
,,
,,
,,
,,
,,
,,
,,
,,
,,
,,
,,
,,
,,
,,
,,
,,
,,
,,
,,
,,
,,
,,
,,
,,
,,
,,
,,
,,
,,
,,
,,
,,
,,
,,
,,
,,
,,
,,
,,
,,
,,
,,
,,
,,
,,
,,
,,
,,
,,
,,
,,
,,
,,
,,
,,
,,
,,
,,
,,
,,
,,
,,
,,
,,
,,
,,
,,
,,
,,
,,
,,
,,
,,
,,
,,
,,
,,
,,
,,
,,
,,
,,
,,
,,
,,
,,
,,
,,
,,
,,
,,
,,
,,
,,
,,
,,
,,
,,
,,
,,
,,
,,
,,
,,
,,
,,
,,
,,
,,
,,
,,
,,
,,
,,
,,
,,
,,
,,
,,
,,
,,
,,
,,
,,
,,
,,
,,
,,
,,
,,
,,
,,
,,
,,
,,
,,
,,
,,
,,
,,
,,
,,
,,
,,
,,
,,
,,
,,
,,
,,
,,
,,
,,
,,
,,
,,
,,
,,
,,
,,
,,
,,
,,
,,
,,
,,
,,
,,
,,
,,
,,
,,
,,
,,
,,
,,
,,
,,
,,
,,
,,
,,
,,
,,
,,
,,
,,
,,
,,
,,
,,
,,
,,
,,
,,
,,
,,
,,
,,
,,
,,
,,
,,
,,
,,
,,
,,
,,
,,
,,
,,
,,
,,
,,
,,
,,
,,
,,
,,
,,
,,
,,
,,
,,
,,
,,
,,
,,
,,
,,
,,
,,
,,
,,
,,
,,
,,
,,
,,
,,
,,
,,
,,
,,
,,
,,
,,
,,
,,
,,
,,
,,
,,
,,
,,
,,
,,
,,
,,
,,
,,
,,
,,
,,
,,
,,
,,
,,
,,
,,
,,
,,
,,
,,
,,
,,
,,
,,
,,
,,
,,
,,
,,
,,
,,
,,
,,
,,
,,
,,
,,
,,
,,
,,
,,
,,
,,
,,
,,
,,
,,
,,
,,
,,
,,
,,
,,
,,
,,
,,
,,
,,
,,
,,
,,
,,
,,
,,
,,
,,
,,
,,
,,
,,
,,
,,
,,
,,
,,
,,
,,
,,
,,
,,
,,
,,
,,
,,
,,
,,
,,
,,
,,
,,
,,
,,
,,
,,
,,
,,
,,
,,
,,
,,
,,
,,
,,
,,
,,
,,
,,
,,
,,
,,
,,
,,
,,
,,
,,
,,
,,
,,
,,
,,
,,
,,
,,
,,
,,
,,
,,
,,
,,
,,
,,
,,
,,
,,
,,
,,
,,
,,
,,
,,
,,
,,
,,
,,
,,
,,
,,
,,
,,
,,
,,
,,
,,
,,
,,
,,
,,
,,
,,
,,
,,
,,
,,
,,
,,
,,
,,
,,
,,
,,
,,
,,
,,
,,
,,
,,
,,
,,
,,
,,
,,
,,
,,
,,
,,
,,
,,
,,
,,
,,
,,
,,
,,
,,
,,
,,
,,
,,
,,
,,
,,
,,
,,
,,
,,
,,
,,
,,
,,
,,
,,
,,
,,
,,
,,
,,
,,
,,
,,
,,
,,
,,
,,
,,
,,
,,
,,
,,
,,
,,
,,
,,
,,
,,
,,
,,
,,
,,
,,
,,
,,
,,
,,
,,
,,
,,
,,
,,
,,
,,
,,
,,
,,
,,
,,
,,
,,
,,
,,
,,
,,
,,
,,
,,
,,
,,
,,
,,
,,
,,
,,
,,
,,
,,
,,
,,
,,
,,
,,
,,
,,
,,
,,
,,
,,
,,
,,
,,
,,
,,
,,
,,
,,
,,
,,
,,
,,
,,
,,
,,
,,
,,
,,
,,
,,
,,
,,
,,
,,
,,
,,
,,
,,
,,
,,
,,
,,
,,
,,
,,
,,
,,
,,
,,
,,
,,
,,
,,
,,
,,
,,
,,
,,
,,
,,
,,
,,
,,
,,
,,
,,
,,
,,
,,
,,
,,
,,
,,
,,
,,
,,
,,
,,
,,
,,
,,
,,
,,
,,
,,
,,
,,
,,
,,
,,
,,
,,
,,
,,
,,
,,
,,
,,
,,
,,
,,
,,
,,
,,
,,
,,
,,
,,
,,
,,
,,
,,
,,
,,
,,
,,
,,
,,
,,
,,
,,
,,
,,
,,
,,
,,
,,
,,
,,
,,
,,
,,
,,
,,
,,
,,
,,
,,
,,
,,
,,
,,
,,
,,
,,
,,
,,
,,
,,
,,
,,
,,
,,
,,
,,
,,
,,
,,
,,
,,
,,
,,
,,
,,
,,
,,
,,
,,
,,
,,
,,
,,
,,
,,
,,
,,
,,
,,
,,
,,
,,
,,
,,
,,
,,
,,
,,
,,
,,
,,
,,
,,
,,
,,
,,
,,
,,
,,
,,
,,
,,
,,
,,
,,
,,
,,
,,
,,
,,
,,
,,
,,
,,
,,
,,
,,
,,
,,
,,
,,
,,
,,
,,
,,
,,
,,
,,
,,
,,
,,
,,
,,
,,
,,
,,
,,
,,
,,
,,
,,
,,
,,
,,
,,
,,
,,
,,
,,
,,
,,
,,
,,
,,
,,
,,
,,
,,
,,
,,
,,
,,
,,
,,
,,
,,
,,
,,
,,
,,
,,
,,
,,
,,
,,
,,
,,
,,
,,
,,
,,
,,
,,
,,
,,
,,
,,
,,
,,
,,
,,
,,
,,
,,
,,
,,
,,
,,
,,
,,
,,
,,
,,
,,
,,
,,
,,
,,
,,
,,
,,
,,
,,
,,
,,
,,
,,
,,
,,
,,
,,
,,
,,
,,
,,
,,
,,
,,
,,
,,
,,
,,
,,
,,
,,
,,
,,
,,
,,
,,
,,
,,
,,
,,
,,
,,
,,
,,
,,
,,
,,
,,
,,
,,
,,
,,
,,
,,
,,
,,
,,
,,
,,
,,
,,
,,
,,
,,
,,
,,
,,
,,
,,
,,
,,
,,
,,
,,
,,
,,
,,
,,
,,
,,
,,
,,
,,
,,
,,
,,
,,
,,
,,
,,
,,
,,
,,
,,
,,
,,
,,
,,
,,
,,
,,
,,
,,
,,
,,
,,
,,
,,
,,
,,
,,
,,
,,
,,
,,
,,
,,
,,
,,
,,
,,
,,
,,
,,
,,
,,
,,
,,
,,
,,
,,
,,
,,
,,
,,
,,
,,
,,
,,
,,
,,
,,
,,
,,
,,
,,
,,
,,
,,
,,
,,
,,
,,
,,
,,
,,
,,
,,
,,
,,
,,
,,
,,
,,
,,
,,
,,
,,
,,
,,
,,
,,
,,
,,
,,
,,
,,
,,
,,
,,
,,
,,
,,
,,
,,
,,
,,
,,
,,
,,
,,
,,
,,
,,
,,
,,
,,
,,
,,
,,
,,
,,
,,
,,
,,
,,
,,
,,
,,
,,
,,
,,
,,
,,
,,
,,
,,
,,
,,
,,
,,
,,
,,
,,
,,
,,
,,
,,
,,
,,
,,
,,
,,
,,
,,
,,
,,
,,
,,
,,
,,
,,
,,
,,
,,
,,
,,
,,
,,
,,
,,
,,
,,
,,
,,
,,
,,
,,
,,
,,
,,
,,
,,
,,
,,
,,
,,
,,
,,
,,
,,
,,
,,
,,
,,
,,
,,
,,
,,
,,
,,
,,
,,
,,
,,
,,
,,
,,
,,
,,
,,
,,
,,
,,
,,
,,
,,
,,
,,
,,
,,
,,
,,
,,
,,
,,
,,
,,
,,
,,
,,
,,
,,
,,
,,
,,
,,
,,
,,
,,
,,
,,
,,
,,
,,
,,
,,
,,
,,
,,
,,
,,
,,
,,
,,
,,
,,
,,
,,
,,
,,
,,
,,
,,
,,
,,
,,
,,
,,
,,
,,
,,
,,
,,
,,
,,
,,
,,
,,
,,
,,
,,
,,
,,
,,
,,
,,
,,
,,
,,
,,
,,
,,
,,
,,
,,
,,
,,
,,
,,
,,
,,
,,
,,
,,
,,
,,
,,
,,
,,
,,
,,
,,
,,
,,
,,
,,
,,
,,
,,
,,
,,
,,
,,
,,
,,
,,
,,
,,
,,
,,
,,
,,
,,
,,
,,
,,
,,
,,
,,
,,
,,
,,
,,
,,
,,
,,
,,
,,
,,
,,
,,
,,
,,
,,
,,
,,
,,
,,
,,
,,
,,
,,
,,
,,
,,
,,
,,
,,
,,
,,
,,
,,
,,
,,
,,
,,
,,
,,
,,
,,
,,
,,
,,
,,
,,
,,
,,
,,
,,
,,
,,
,,
,,
,,
,,
,,
,,
,,
,,
,,
,,
,,
,,
,,
,,
,,
,,
,,
,,
,,
,,
,,
,,
,,
,,
,,
,,
,,
,,
,,
,,
,,
,,
,,
,,
,,
,,
,,
,,
,,
,,
,,
,,
,,
,,
,,
,,
,,
,,
,,
,,
,,
,,
,,
,,
,,
,,
,,
,,
,,
,,
,,
,,
,,
,,
,,
,,
,,
,,
,,
,,
,,
,,
,,
,,
,,
,,
,,
,,
,,
,,
,,
,,
,,
,,
,,
,,
,,
,,
,,
,,
,,
,,
,,
,,
,,
,,
,,
,,
,,
,,
,,
,,
,,
,,
,,
,,
,,
,,
,,
,,
,,
,,
,,
,,
,,
,,
,,
,,
,,
,,
,,
,,
,,
,,
,,
,,
,,
,,
,,
,,
,,
,,
,,
,,
,,
,,
,,
,,
,,
,,
,,
,,
,,
,,
,,
,,
,,
,,
,,
,,
,,
,,
,,
,,
,,
,,
,,
,,
,,
,,
,,
,,
,,
,,
,,
,,
,,
,,
,,
,,
,,
,,
,,
,,
,,
,,
,,
,,
,,
,,
,,
,,
,,
,,
,,
,,
,,
,,
,,
,,
,,
,,
,,
,,
,,
,,
,,
,,
,,
,,
,,
,,
,,
,,
,,
,,
,,
,,
,,
,,
,,
,,
,,
,,
,,
,,
,,
,,
,,
,,
,,
,,
,,
,,
,,
,,
,,
,,
,,
,,
,,
,,
,,
,,
,,
,,
,,
,,
,,
,,
,,
,,
,,
,,
,,
,,
,,
,,
,,
,,
,,
,,
,,
,,
,,
,,
,,
,,
,,
,,
,,
,,
,,
,,
,,
,,
,,
,,
,,
,,
,,
,,
,,
,,
,,
,,
,,
,,
,,
,,
,,
,,
,,
,,
,,
,,
,,
,,
,,
,,
,,
,,
,,
,,
,,
,,
,,
,,
,,
,,
,,
,,
,,
,,
,,
,,
,,
,,
,,
,,
,,
,,
,,
,,
,,
,,
,,
,,
,,
,,
,,
,,
,,
,,
,,
,,
,,
,,
,,
,,
,,
,,
,,
,,
,,
,,
,,
,,
,,
,,
,,
,,
,,
,,
,,
,,
,,
,,
,,
,,
,,
,,
,,
,,
,,
,,
,,
,,
,,
,,
,,
,,
,,
,,
,,
,,
,,
,,
,,
,,
,,
,,
,,
,,
,,
,,
,,
,,
,,
,,
,,
,,
,,
,,
,,
,,
,,
,,
,,
,,
,,
,,
,,
,,
,,
,,
,,
,,
,,
,,
,,
,,
,,
,,
,,
,,
,,
,,
,,
,,
,,
,,
,,
,,
,,
,,
,,
,,
,,
,,
,,
,,
,,
,,
,,
,,
,,
,,
,,
,,
,,
,,
,,
,,
,,
,,
,,
,,
,,
,,
,,
,,
,,
,,
,,
,,
,,
,,
,,
,,
,,
,,
,,
,,
,,
,,
,,
,,
,,
,,
,,
,,
,,
,,
,,
,,
,,
,,
,,
,,
,,
,,
,,
,,
,,
,,
,,
,,
,,
,,
,,
,,
,,
,,
,,
,,
,,
,,
,,
,,
,,
,,
,,
,,
,,
,,
,,
,,
,,
,,
,,
,,
,,
,,
,,
,,
,,
,,
,,
,,
,,
,,
,,
,,
,,
,,
,,
,,
,,
,,
,,
,,
,,
,,
,,
,,
,,
,,
,,
,,
,,
,,
,,
,,
,,
,,
,,
,,
,,
,,
,,
,,
,,
,,
,,
,,
,,
,,
,,
,,
,,
,,
,,
,,
,,
,,
,,
,,
,,
,,
,,
,,
,,
,,
,,
,,
,,
,,
,,
,,
,,
,,
,,
,,
,,
,,
,,
,,
,,
,,
,,
,,
,,
,,
,,
,,
,,
,,
,,
,,
,,
,,
,,
,,
,,
,,
,,
,,
,,
,,
,,
,,
,,
,,
,,
,,
,,
,,
,,
,,
,,
,,
,,
,,
,,
,,
,,
,,
,,
,,
,,
,,
,,
,,
,,
,,
,,
,,
,,
,,
,,
,,
,,
,,
,,
,,
,,
,,
,,
,,
,,
,,
,,
,,
,,
,,
,,
,,
,,
,,
,,
,,
,,
,,
,,
,,
,,
,,
,,
,,
,,
,,
,,
,,
,,
,,
,,
,,
,,
,,
,,
,,
,,
,,
,,
,,
,,
,,
,,
,,
,,
,,
,,
,,
,,
,,
,,
,,
,,
,,
,,
,,
,,
,,
,,
,,
,,
,,
,,
,,
,,
,,
,,
,,
,,
,,
,,
,,
,,
,,
,,
,,
,,
,,
,,
,,
,,
,,
,,
,,
,,
,,
,,
,,
,,
,,
,,
,,
,,
,,
,,
,,
,,
,,
,,
,,
,,
,,
,,
,,
,,
,,
,,
,,
,,
,,
,,
,,
,,
,,
,,
,,
,,
,,
,,
,,
,,
,,
,,
,,
,,
,,
,,
,,
,,
,,
,,
,,
,,
,,
,,
,,
,,
,,
,,
,,
,,
,,
,,
,,
,,
,,
,,
,,
,,
,,
,,
,,
,,
,,
,,
,,
,,
,,
,,
,,
,,
,,
,,
,,
,,
,,
,,
,,
,,
,,
,,
,,
,,
,,
,,
,,
,,
,,
,,
,,
,,
,,
,,
,,
,,
,,
,,
,,
,,
,,
,,
,,
,,
,,
,,
,,
,,
,,
,,
,,
,,
,,
,,
,,
,,
,,
,,
,,
,,
,,
,,
,,
,,
,,
,,
,,
,,
,,
,,
,,
,,
,,
,,
,,
,,
,,
,,
,,
,,
,,
,,
,,
,,
,,
,,
,,
,,
,,
,,
,,
,,
,,
,,
,,
,,
,,
,,
,,
,,
,,
,,
,,
,,
,,
,,
,,
,,
,,
,,
,,
,,
,,
,,
,,
,,
,,
,,
,,
,,
,,
,,
,,
,,
,,
,,
,,
,,
,,
,,
,,
,,
,,
,,
,,
,,
,,
,,
,,
,,
,,
,,
,,
,,
,,
,,
,,
,,
,,
,,
,,
,,
,,
,,
,,
,,
,,
,,
,,
,,
,,
,,
,,
,,
,,
,,
,,
,,
,,
,,
,,
,,
,,
,,
,,
,,
,,
,,
,,
,,
,,
,,
,,
,,
,,
,,
,,
,,
,,
,,
,,
,,
,,
,,
,,
,,
,,
,,
,,
,,
,,
,,
,,
,,
,,
,,
,,
,,
,,
,,
,,
,,
,,
,,
,,
,,
,,
,,
,,
,,
,,
,,
,,
,,
,,
,,
,,
,,
,,
,,
,,
,,
,,
,,
,,
,,
,,
,,
,,
,,
,,
,,
,,
,,
,,
,,
,,
,,
,,
,,
,,
,,
,,
,,
,,
,,
,,
,,
,,
,,
,,
,,
,,
,,
,,
,,
,,
,,
,,
,,
,,
,,
,,
,,
,,
,,
,,
,,
,,
,,
,,
,,
,,
,,
,,
,,
,,
,,
,,
,,
,,
,,
,,
,,
,,
,,
,,
,,
,,
,,
,,
,,
,,
,,
,,
,,
,,
,,
,,
,,
,,
,,
,,
,,
,,
,,
,,
,,
,,
,,
,,
,,
,,
,,
,,
,,
,,
,,
,,
,,
,,
,,
,,
,,
,,
,,
,,
,,
,,
,,
,,
,,
,,
,,
,,
,,
,,
,,
,,
,,
,,
,,
,,
,,
,,
,,
,,
,,
,,
,,
,,
,,
,,
,,
,,
,,
,,
,,
,,
,,
,,
,,
,,
,,
,,
,,
,,
,,
,,
,,
,,
,,
,,
,,
,,
,,
,,
,,
,,
,,
,,
,,
,,
,,
,,
,,
,,
,,
,,
,,
,,
,,
,,
,,
,,
,,
,,
,,
,,
,,
,,
,,
,,
,,
,,
,,
,,
,,
,,
,,
,,
,,
,,
,,
,,
,,
,,
,,
,,
,,
,,
,,
,,
,,
,,
,,
,,
,,
,,
,,
,,
,,
,,
,,
,,
,,
,,
,,
,,
,,
,,
,,
,,
,,
,,
,,
,,
,,
,,
,,
,,
,,
,,
,,
,,
,,
,,
,,
,,
,,
,,
,,
,,
,,
,,
,,
,,
,,
,,
,,
,,
,,
,,
,,
,,
,,
,,
,,
,,
,,
,,
,,
,,
,,
,,
,,
,,
,,
,,
,,
,,
,,
,,
,,
,,
,,
,,
,,
,,
,,
,,
,,
,,
,,
,,
,,
,,
,,
,,
,,
,,
,,
,,
,,
,,
,,
,,
,,
,,
,,
,,
,,
,,
,,
,,
,,
,,
,,
,,
,,
,,
,,
,,
,,
,,
,,
,,
,,
,,
,,
,,
,,
,,
,,
,,
,,
,,
,,
,,
,,
,,
,,
,,
,,
,,
,,
,,
,,
,,
,,
,,
,,
,,
,,
,,
,,
,,
,,
,,
,,
,,
,,
,,
,,
,,
,,
,,
,,
,,
,,
,,
,,
,,
,,
,,
,,
,,
,,
,,
,,
,,
,,
,,
,,
,,
,,
,,
,,
,,
,,
,,
,,
,,
,,
,,
,,
,,
,,
,,
,,
,,
,,
,,
,,
,,
,,
,,
,,
,,
,,
,,
,,
,,
,,
,,
,,
,,
,,
,,
,,
,,
,,
,,
,,
,,
,,
,,
,,
,,
,,
,,
,,
,,
,,
,,
,,
,,
,,
,,
,,
,,
,,
,,
,,
,,
,,
,,
,,
,,
,,
,,
,,
,,
,,
,,
,,
,,
,,
,,
,,
,,
,,
,,
,,
,,
,,
,,
,,
,,
,,
,,
,,
,,
,,
,,
,,
,,
,,
,,
,,
,,
,,
,,
,,
,,
,,
,,
,,
,,
,,
,,
,,
,,
,,
,,
,,
,,
,,
,,
,,
,,
,,
,,
,,
,,
,,
,,
,,
,,
,,
,,
,,
,,
,,
,,
,,
,,
,,
,,
,,
,,
,,
,,
,,
,,
,,
,,
,,
,,
,,
,,
,,
,,
,,
,,
,,
,,
,,
,,
,,
,,
,,
,,
,,
,,
,,
,,
,,
,,
,,
,,
,,
,,
,,
,,
,,
,,
,,
,,
,,
,,
,,
,,
,,
,,
,,
,,
,,
,,
,,
,,
,,
,,
,,
,,
,,
,,
,,
,,
,,
,,
,,
,,
,,
,,
,,
,,
,,
,,
,,
,,
,,
,,
,,
,,
,,
,,
,,
,,
,,
,,
,,
,,
,,
,,
,,
,,
,,
,,
,,
,,
,,
,,
,,
,,
,,
,,
,,
,,
,,
,,
,,
,,
,,
,,
,,
,,
,,
,,
,,
,,
,,
,,
,,
,,
,,
,,
,,
,,
,,
,,
,,
,,
,,
,,
,,
,,
,,
,,
,,
,,
,,
,,
,,
,,
,,
,,
,,
,,
,,
,,
,,
,,
,,
,,
,,
,,
,,
,,
,,
,,
,,
,,
,,
,,
,,
,,
,,
,,
,,
,,
,,
,,
,,
,,
,,
,,
,,
,,
,,
,,
,,
,,
,,
,,
,,
,,
,,
,,
,,
,,
,,
,,
,,
,,
,,
,,
,,
,,
,,
,,
,,
,,
,,
,,
,,
,,
,,
,,
,,
,,
,,
,,
,,
,,
,,
,,
,,
,,
,,
,,
,,
,,
,,
,,
,,
,,
,,
,,
,,
,,
,,
,,
,,
,,
,,
,,
,,
,,
,,
,,
,,
,,
,,
,,
,,
,,
,,
,,
,,
,,
,,
,,
,,
,,
,,
,,
,,
,,
,,
,,
,,
,,
,,
,,
,,
,,
,,
,,
,,
,,
,,
,,
,,
,,
,,
,,
,,
,,
,,
,,
,,
,,
,,
,,
,,
,,
,,
,,
,,
,,
